creation_date,el_model,yp,indices,label,matching,result_date,prediction_instance
[2][C][readings/Sat-16-09-2023/2023-09-16T16-29-21],2024_super_G,"[[0 0 0 0 0 0 0 1 0 0 0 0 0 1 0 0 0 0 1 0 0 1 0 0 0 0 0 0 0 0 0 0 0 0 0 0
  0 0 0 0 0 0 0 0 0 0 1 0 0 0 0 0 0 0 0 0 0 0 0 0]]","[7, 13, 18, 21, 46]","[7, 17, 22, 24, 31, 59, 50]",[7],Sat-16-09-2023,1
[3][M][readings/Sat-16-09-2023/2023-09-16T17-39-19],2024_super_G,"[[0 0 0 0 0 1 0 0 0 0 0 0 0 0 0 0 0 0 0 0 0 0 0 0 0 0 0 0 0 0 0 0 0 1 0 0
  0 0 1 1 0 0 0 0 0 0 1 0 0 0 0 0 0 0 0 0 0 0 0 0]]","[5, 33, 38, 39, 46]","[7, 17, 22, 24, 31, 59, 50]",[],Sat-16-09-2023,2
[4][N][readings/Wed-20-09-2023/2023-09-17T15-26-43],2024_super_G,"[[0 0 0 0 0 1 0 0 0 0 0 0 0 0 0 0 0 0 0 0 0 0 0 0 0 0 0 0 1 0 0 0 0 0 0 0
  1 0 0 0 0 0 0 0 0 0 0 1 0 0 0 0 1 0 0 0 0 0 0 0]]","[5, 28, 36, 47, 52]","[9, 18, 34, 37, 42, 52, 50]",[52],Wed-20-09-2023,3
[5][C][readings/Wed-20-09-2023/2023-09-17T15-52-21],2024_super_G,"[[0 0 0 0 0 0 0 0 0 0 0 0 0 0 0 0 0 0 0 0 0 0 0 0 1 0 0 0 0 0 0 0 0 0 0 0
  0 0 0 0 0 0 0 1 0 0 0 0 0 0 0 0 1 0 1 0 0 1 0 0]]","[24, 43, 52, 54, 57]","[9, 18, 34, 37, 42, 52, 50]",[52],Wed-20-09-2023,4
[6][A][readings/Wed-20-09-2023/2023-09-17T18-39-31],2024_super_G,"[[0 0 0 0 0 0 0 0 0 0 0 0 0 0 0 0 0 0 0 0 0 1 0 0 0 0 1 0 0 0 0 0 0 0 0 0
  0 0 1 0 0 0 0 0 0 0 0 1 0 0 0 0 0 0 0 0 0 1 0 0]]","[21, 26, 38, 47, 57]","[9, 18, 34, 37, 42, 52, 50]",[],Wed-20-09-2023,5
[7][M][readings/Wed-27-09-2023/2023-09-26T13-36-10],2024_super_G,"[[0 0 0 0 0 1 0 0 0 0 0 1 0 0 1 0 1 0 0 0 0 0 0 0 0 0 0 0 0 0 0 0 0 0 0 0
  0 0 0 0 0 1 0 0 0 0 0 0 0 0 0 0 0 0 0 0 0 0 0 0]]","[5, 11, 14, 16, 41]","[8, 10, 11, 20, 31, 44, 28]",[11],Wed-27-09-2023,6
[8][A][readings/Wed-27-09-2023/2023-09-23T14-52-01],2024_super_G,"[[0 0 1 0 0 1 0 0 0 0 0 0 0 0 0 0 0 0 0 0 0 0 0 0 0 0 0 0 0 0 0 0 0 0 0 0
  0 0 1 1 0 0 0 0 0 0 0 0 0 0 0 0 1 0 0 0 0 0 0 0]]","[2, 5, 38, 39, 52]","[8, 10, 11, 20, 31, 44, 28]",[],Wed-27-09-2023,7
[9][A][readings/Sat-30-09-2023/2023-09-24T14-21-54],2024_super_G,"[[0 0 0 0 0 0 0 0 0 0 0 0 0 0 0 0 1 0 0 0 0 0 0 0 0 0 0 0 0 0 0 0 0 0 0 0
  0 0 0 0 1 0 0 0 0 0 0 1 0 0 0 0 1 0 0 0 0 0 1 0]]","[16, 40, 47, 52, 58]","[1, 8, 14, 20, 24, 40, 52]","[40, 52]",Sat-30-09-2023,8
[10][N_O][readings/Sat-30-09-2023/2023-09-24T15-16-29],2024_super_G,"[[0 0 0 0 0 1 0 0 0 0 0 0 0 0 0 0 0 0 0 0 0 0 0 1 0 0 0 0 0 0 0 1 0 0 0 0
  0 0 1 0 0 0 0 0 0 0 1 0 0 0 0 0 0 0 0 0 0 0 0 0]]","[5, 23, 31, 38, 46]","[1, 8, 14, 20, 24, 40, 52]",[],Sat-30-09-2023,9
[11][C_O][readings/Sat-30-09-2023/2023-09-24T15-43-16],2024_super_G,"[[0 0 0 0 0 1 0 0 1 0 0 0 0 0 0 0 0 0 0 0 0 0 0 0 0 0 0 0 0 0 0 0 0 0 0 0
  0 0 0 0 0 0 0 0 0 0 0 1 0 0 0 0 1 0 0 0 0 0 1 0]]","[5, 8, 47, 52, 58]","[1, 8, 14, 20, 24, 40, 52]","[8, 52]",Sat-30-09-2023,10
[12][N_N][readings/Sat-30-09-2023/2023-09-29T18-34-28],2024_super_G,"[[0 0 0 0 0 0 0 0 0 0 0 0 0 0 0 0 1 0 0 0 0 0 0 0 0 0 0 1 1 0 0 0 0 0 1 0
  0 0 0 0 0 0 0 0 0 0 0 0 0 0 0 0 0 0 0 0 0 0 1 0]]","[16, 27, 28, 34, 58]","[1, 8, 14, 20, 24, 40, 52]",[],Sat-30-09-2023,11
[13][C_N][readings/Sat-30-09-2023/2023-09-29T17-06-27],2024_super_G,"[[0 0 0 0 0 1 0 0 0 0 0 0 0 0 0 0 0 0 0 0 0 0 0 0 0 0 0 0 0 0 0 0 0 0 0 0
  1 0 0 0 0 0 0 0 0 1 0 1 0 0 0 0 1 0 0 0 0 0 0 0]]","[5, 36, 45, 47, 52]","[1, 8, 14, 20, 24, 40, 52]",[52],Sat-30-09-2023,12
[14][A][readings/Wed-04-10-2023/2023-10-01T14-41-53],2024_super_G,"[[0 0 0 0 0 1 0 0 0 0 0 1 0 0 0 0 0 0 0 0 0 0 0 0 0 0 0 1 0 0 0 0 0 0 0 0
  0 0 0 0 0 0 0 0 0 0 0 0 0 0 0 0 1 0 0 0 0 0 1 0]]","[5, 11, 27, 52, 58]","[3, 8, 37, 42, 53, 55, 46]",[],Wed-04-10-2023,13
[15][N][readings/Wed-04-10-2023/2023-10-01T15-36-03],2024_super_G,"[[0 0 0 0 0 1 0 0 0 0 0 0 0 0 0 0 0 0 0 0 0 0 0 0 0 0 0 0 0 0 1 0 0 0 0 0
  0 0 1 0 1 0 0 0 0 0 0 0 0 0 0 0 1 0 0 0 0 0 0 0]]","[5, 30, 38, 40, 52]","[3, 8, 37, 42, 53, 55, 46]",[],Wed-04-10-2023,14
[16][C][readings/Wed-04-10-2023/2023-10-01T15-55-25],2024_super_G,"[[0 0 0 0 0 1 0 0 0 0 0 0 0 1 0 0 1 0 0 0 0 0 0 0 0 0 0 0 0 1 0 0 0 0 0 0
  0 0 0 1 0 0 0 0 0 0 0 0 0 0 0 0 0 0 0 0 0 0 0 0]]","[5, 13, 16, 29, 39]","[3, 8, 37, 42, 53, 55, 46]",[],Wed-04-10-2023,15
[17][C][readings/Sat-07-10-2023/2023-10-05T16-28-38],2024_super_G,"[[0 0 0 0 0 0 0 1 0 0 1 0 0 0 0 0 1 0 0 0 0 0 0 0 0 0 0 0 1 0 0 0 0 0 0 0
  0 0 0 0 0 0 0 0 0 0 0 1 0 0 0 0 0 0 0 0 0 0 0 0]]","[7, 10, 16, 28, 47]","[10, 16, 20, 22, 47, 52, 26]","[10, 16, 47]",Sat-07-10-2023,16
[18][M][readings/Sat-07-10-2023/2023-10-06T22-34-23],2024_super_G,"[[0 0 0 0 0 0 0 0 0 0 0 0 0 0 1 0 0 0 0 0 0 0 0 0 0 0 0 0 0 0 0 0 0 1 0 0
  1 0 0 0 0 0 1 0 0 0 1 0 0 0 0 0 0 0 0 0 0 0 0 0]]","[14, 33, 36, 42, 46]","[10, 16, 20, 22, 47, 52, 26]",[],Sat-07-10-2023,17
[19][A][readings/Wed-11-10-2023/2023-10-08T15-07-11],2024_super_G,"[[0 0 0 0 0 1 0 0 0 0 0 0 0 0 0 0 0 0 0 0 0 0 0 0 0 0 0 0 1 0 0 0 0 0 0 0
  1 0 0 1 0 0 0 0 0 0 0 0 0 0 0 0 0 0 0 0 0 0 1 0]]","[5, 28, 36, 39, 58]","[3, 8, 15, 18, 23, 25, 58]",[58],Wed-11-10-2023,18
[20][N][readings/Wed-11-10-2023/2023-10-08T15-57-38],2024_super_G,"[[0 0 0 0 0 1 0 1 0 0 0 0 0 0 0 0 0 0 0 0 0 1 0 0 0 0 0 0 1 0 0 0 0 0 0 0
  0 0 0 1 0 0 0 0 0 0 0 0 0 0 0 0 0 0 0 0 0 0 0 0]]","[5, 7, 21, 28, 39]","[3, 8, 15, 18, 23, 25, 58]",[],Wed-11-10-2023,19
[21][M][readings/Wed-11-10-2023/2023-10-11T12-49-22],2024_super_G,"[[0 0 0 0 0 1 0 1 0 0 0 0 0 0 0 0 0 0 0 0 0 0 0 0 0 1 0 0 0 0 0 0 0 0 0 0
  1 0 0 0 0 0 0 0 0 0 0 0 0 0 0 0 0 0 0 0 0 0 1 0]]","[5, 7, 25, 36, 58]","[3, 8, 15, 18, 23, 25, 58]","[25, 58]",Wed-11-10-2023,20
[22][M][readings/Sat-14-10-2023/2023-10-14T14-29-11],2024_super_G,"[[0 0 0 0 0 1 1 0 0 0 0 0 0 0 0 0 0 0 0 0 0 0 0 0 0 0 0 0 0 0 0 0 0 1 0 0
  0 0 1 0 0 0 0 0 0 0 0 0 0 0 0 0 0 0 0 0 0 0 1 0]]","[5, 6, 33, 38, 58]","[4, 27, 28, 31, 51, 57, 48]",[],Sat-14-10-2023,21
[23][M][readings/Sat-14-10-2023/2023-10-14T18-07-31],2024_super_G,"[[0 0 0 0 0 0 0 0 0 0 0 0 0 0 0 0 1 0 1 0 0 0 0 0 0 0 0 0 0 0 0 0 0 0 0 0
  0 0 0 0 0 0 0 0 0 0 0 1 0 0 0 0 0 1 0 0 0 0 1 0]]","[16, 18, 47, 53, 58]","[4, 27, 28, 31, 51, 57, 48]",[],Sat-14-10-2023,22
[24][A][readings/Wed-18-10-2023/2023-10-15T14-05-32],2024_super_G,"[[0 0 0 0 0 1 0 0 0 0 0 0 0 0 0 0 1 0 0 0 0 0 0 0 0 0 0 0 0 0 0 0 0 0 0 0
  0 0 1 0 0 0 0 0 0 0 0 0 0 0 0 1 0 0 0 0 0 0 1 0]]","[5, 16, 38, 51, 58]","[6, 7, 8, 20, 34, 48, 38]",[38],Wed-18-10-2023,23
[25][C][readings/Wed-18-10-2023/2023-10-15T15-02-00],2024_super_G,"[[0 0 0 1 0 1 0 0 0 0 0 0 0 0 0 0 1 0 0 0 0 0 0 0 0 0 0 0 0 0 0 0 0 0 0 0
  0 0 0 0 0 0 0 0 0 0 1 0 0 0 0 1 0 0 0 0 0 0 0 0]]","[3, 5, 16, 46, 51]","[6, 7, 8, 20, 34, 48, 38]",[],Wed-18-10-2023,24
[26][N][readings/Wed-18-10-2023/2023-10-15T15-20-04],2024_super_G,"[[0 0 0 0 0 1 1 0 0 0 0 0 0 0 0 0 0 0 0 0 0 0 0 0 0 0 0 0 1 0 0 0 0 0 0 0
  0 0 0 0 0 0 0 0 0 0 1 0 0 0 0 0 0 0 0 0 0 0 1 0]]","[5, 6, 28, 46, 58]","[6, 7, 8, 20, 34, 48, 38]",[6],Wed-18-10-2023,25
[27][M][readings/Sat-21-10-2023/2023-10-20T11-23-42],2024_super_G,"[[0 0 0 0 0 0 0 1 0 0 1 0 0 1 0 0 1 0 0 0 0 0 0 0 0 0 0 0 0 0 0 0 0 0 0 0
  0 0 0 0 0 0 0 0 0 0 1 0 0 0 0 0 0 0 0 0 0 0 0 0]]","[7, 10, 13, 16, 46]","[14, 15, 26, 37, 43, 54, 6]",[],Sat-21-10-2023,26
[28][M][readings/Sat-21-10-2023/2023-10-20T11-36-26],2024_super_G,"[[0 0 0 0 0 1 0 0 0 0 0 0 0 1 0 0 0 0 0 0 0 0 0 0 0 0 1 0 0 0 0 0 0 0 0 0
  0 0 0 0 0 0 0 0 0 0 0 1 1 0 0 0 0 0 0 0 0 0 0 0]]","[5, 13, 26, 47, 48]","[14, 15, 26, 37, 43, 54, 6]",[26],Sat-21-10-2023,27
[29][M][readings/Wed-25-10-2023/2023-10-24T18-59-05],2024_super_G,"[[0 0 1 0 0 1 0 0 0 0 0 0 0 0 0 0 0 0 0 0 0 0 0 0 0 0 0 0 0 0 0 0 0 0 0 0
  0 0 0 0 0 0 0 1 0 0 0 0 0 0 0 0 1 0 0 0 0 1 0 0]]","[2, 5, 43, 52, 57]","[16, 20, 33, 41, 47, 59, 21]",[],Wed-25-10-2023,28
[30][A][readings/Wed-25-10-2023/2023-10-24T22-44-37],2024_super_G,"[[0 0 0 0 0 1 1 0 0 0 0 0 0 0 0 0 0 0 0 0 0 0 0 0 0 0 0 0 0 0 0 0 0 0 0 0
  0 0 0 0 0 0 0 0 0 0 0 0 0 1 0 0 0 0 0 0 1 0 1 0]]","[5, 6, 49, 56, 58]","[16, 20, 33, 41, 47, 59, 21]",[],Wed-25-10-2023,29
[31][C][readings/Sat-28-10-2023/2023-10-26T15-24-08],2024_super_G,"[[0 0 0 0 0 1 0 0 0 0 0 0 0 1 0 0 0 0 0 0 0 0 0 0 0 0 0 0 0 0 0 0 0 0 0 0
  0 0 0 0 0 0 0 0 0 0 1 0 0 0 0 1 0 0 0 0 0 0 1 0]]","[5, 13, 46, 51, 58]","[25, 28, 37, 38, 42, 50, 6]",[],Sat-28-10-2023,30
[32][M][readings/Sat-28-10-2023/2023-10-26T21-12-29],2024_super_G,"[[0 0 0 0 0 1 0 0 1 0 0 0 0 0 0 0 1 0 0 0 0 0 0 0 0 0 0 0 0 0 0 0 0 0 0 0
  0 0 0 0 0 0 0 1 0 0 0 0 0 0 0 0 1 0 0 0 0 0 0 0]]","[5, 8, 16, 43, 52]","[25, 28, 37, 38, 42, 50, 6]",[],Sat-28-10-2023,31
[33][M][readings/Wed-01-11-2023/2023-10-31T21-22-18],2024_super_G,"[[0 0 0 0 0 1 0 0 0 0 0 0 0 0 0 0 1 0 0 0 0 0 0 0 0 0 0 0 0 0 0 0 0 0 0 0
  1 0 0 1 0 0 0 0 0 0 0 0 0 0 0 0 0 0 0 0 0 1 0 0]]","[5, 16, 36, 39, 57]","[9, 15, 36, 37, 42, 43, 50]",[36],Wed-01-11-2023,32
[34][M][readings/Wed-01-11-2023/2023-11-01T14-42-55],2024_super_G,"[[0 0 0 0 0 1 0 1 0 0 0 0 0 1 0 0 0 0 0 0 0 0 0 0 0 0 0 0 0 0 0 0 0 0 0 0
  0 0 0 0 0 0 0 0 0 0 0 0 1 0 0 0 0 0 0 0 0 1 0 0]]","[5, 7, 13, 48, 57]","[9, 15, 36, 37, 42, 43, 50]",[],Wed-01-11-2023,33
[35][M][readings/Sat-04-11-2023/2023-11-03T11-20-11],2024_super_G,"[[0 0 0 0 0 1 0 0 0 0 0 0 0 0 0 0 0 0 0 0 0 0 0 0 0 0 0 0 0 0 0 0 0 0 0 0
  0 0 1 0 0 0 0 0 0 0 1 1 0 0 0 0 0 0 0 0 0 0 1 0]]","[5, 38, 46, 47, 58]","[20, 37, 39, 52, 54, 57, 43]",[],Sat-04-11-2023,34
[36][M][readings/Sat-04-11-2023/2023-11-03T14-37-22],2024_super_G,"[[0 0 0 0 0 0 0 0 0 0 0 0 0 0 0 0 0 0 0 0 0 0 0 0 0 0 0 0 0 0 0 1 0 0 1 0
  0 1 0 0 0 0 0 0 0 0 0 0 0 0 0 0 0 0 0 1 0 0 1 0]]","[31, 34, 37, 55, 58]","[20, 37, 39, 52, 54, 57, 43]",[37],Sat-04-11-2023,35
[37][A][readings/Wed-08-11-2023/2023-11-04T17-00-16],2024_super_G,"[[0 0 0 0 0 0 0 0 0 0 0 0 0 0 0 0 0 0 0 0 0 0 0 0 0 0 0 0 1 0 0 0 0 0 0 0
  1 0 0 0 0 0 0 0 0 0 0 1 0 0 0 0 1 0 0 0 0 0 1 0]]","[28, 36, 47, 52, 58]","[1, 7, 12, 17, 46, 53, 24]",[],Wed-08-11-2023,36
[38][A][readings/Wed-08-11-2023/2023-11-05T15-50-06],2024_super_G,"[[0 0 0 0 1 0 0 0 0 0 0 0 0 0 0 0 0 0 0 0 0 0 0 0 0 0 0 0 1 0 0 0 0 0 0 0
  0 0 1 0 0 0 0 0 0 0 0 0 0 0 0 0 0 1 0 0 0 0 1 0]]","[4, 28, 38, 53, 58]","[1, 7, 12, 17, 46, 53, 24]",[53],Wed-08-11-2023,37
[39][M][readings/Wed-08-11-2023/2023-11-08T17-30-53],2024_super_G,"[[0 0 0 0 0 0 0 1 0 0 0 0 0 0 0 0 0 0 0 0 0 0 0 0 0 0 0 0 1 0 0 1 0 1 0 0
  0 0 0 0 0 0 0 0 0 0 0 1 0 0 0 0 0 0 0 0 0 0 0 0]]","[7, 28, 31, 33, 47]","[1, 7, 12, 17, 46, 53, 24]",[7],Wed-08-11-2023,38
[40][M][readings/Sat-11-11-2023/2023-11-10T13-57-51],2024_super_G,"[[0 0 0 0 0 1 0 1 0 0 1 0 0 0 0 0 0 0 0 0 0 0 0 0 0 0 0 0 0 0 0 1 0 0 0 0
  0 0 0 0 0 0 0 0 0 0 0 0 0 0 0 0 0 0 0 1 0 0 0 0]]","[5, 7, 10, 31, 55]","[12, 26, 28, 34, 41, 42, 32]",[],Sat-11-11-2023,39
[41][M][readings/Sat-11-11-2023/2023-11-10T20-20-36],2024_super_G,"[[0 0 0 0 0 1 0 1 0 0 0 0 0 0 0 0 0 0 0 0 0 0 0 1 0 0 0 0 0 0 0 1 0 0 0 0
  0 0 1 0 0 0 0 0 0 0 0 0 0 0 0 0 0 0 0 0 0 0 0 0]]","[5, 7, 23, 31, 38]","[12, 26, 28, 34, 41, 42, 32]",[],Sat-11-11-2023,40
[42][M][readings/Wed-15-11-2023/2023-11-14T16-40-52],2024_super_G,"[[0 0 1 0 0 1 0 0 0 0 0 0 0 0 0 0 0 0 0 0 0 0 0 0 0 0 0 0 0 0 0 0 0 0 0 0
  0 0 1 0 0 0 0 0 0 0 0 0 0 0 0 0 1 0 0 0 0 0 1 0]]","[2, 5, 38, 52, 58]","[6, 7, 16, 33, 40, 55, 4]",[],Wed-15-11-2023,41
[43][M][readings/Wed-15-11-2023/2023-11-14T17-11-02],2024_super_G,"[[0 0 0 0 0 1 0 0 0 0 0 0 0 0 0 0 1 0 1 0 0 0 0 0 0 0 0 0 0 0 0 0 0 0 0 0
  1 0 0 0 0 0 0 0 0 0 0 1 0 0 0 0 0 0 0 0 0 0 0 0]]","[5, 16, 18, 36, 47]","[6, 7, 16, 33, 40, 55, 4]",[16],Wed-15-11-2023,42
[44][M][readings/Sat-18-11-2023/2023-11-17T12-15-52],2024_super_G,"[[0 0 0 0 0 1 0 1 0 0 0 0 0 0 0 0 1 0 0 0 0 0 0 0 0 0 0 0 1 0 0 0 0 0 0 0
  0 0 0 0 0 0 0 0 0 0 0 0 0 0 0 0 0 0 0 0 0 1 0 0]]","[5, 7, 16, 28, 57]","[3, 11, 22, 23, 32, 47, 56]",[],Sat-18-11-2023,43
[45][M][readings/Sat-18-11-2023/2023-11-17T12-29-13],2024_super_G,"[[0 0 1 0 0 1 0 1 0 0 0 0 0 0 0 0 0 0 0 0 0 0 0 0 0 0 0 0 0 0 0 1 0 0 0 0
  0 0 1 0 0 0 0 0 0 0 0 0 0 0 0 0 0 0 0 0 0 0 0 0]]","[2, 5, 7, 31, 38]","[3, 11, 22, 23, 32, 47, 56]",[],Sat-18-11-2023,44
[46][M][readings/Wed-22-11-2023/2023-11-21T15-40-45],2024_super_G,"[[0 0 0 0 0 1 0 0 0 0 0 0 0 1 0 0 1 0 0 0 0 0 0 0 0 0 0 0 1 0 0 0 0 0 0 0
  0 0 0 0 0 0 0 0 0 0 0 0 0 0 0 0 1 0 0 0 0 0 0 0]]","[5, 13, 16, 28, 52]","[9, 14, 26, 49, 55, 56, 28]",[28],Wed-22-11-2023,45
[47][M][readings/Wed-22-11-2023/2023-11-21T16-05-10],2024_super_G,"[[0 0 0 0 0 1 0 0 0 0 0 0 0 0 0 0 1 0 0 0 0 0 0 0 0 0 0 0 0 0 0 0 0 0 0 0
  0 0 0 1 1 0 0 0 0 0 1 0 0 0 0 0 0 0 0 0 0 0 0 0]]","[5, 16, 39, 40, 46]","[9, 14, 26, 49, 55, 56, 28]",[],Wed-22-11-2023,46
[48][M][readings/Sat-25-11-2023/2023-11-24T15-25-16],2024_super_G,"[[0 0 0 0 0 1 0 0 0 0 0 0 0 1 0 0 0 0 0 0 0 0 0 0 0 0 0 0 0 0 1 0 0 0 0 0
  0 0 0 0 0 0 0 0 0 0 0 1 0 0 0 0 0 0 0 0 0 0 1 0]]","[5, 13, 30, 47, 58]","[5, 9, 31, 34, 46, 48, 49]",[5],Sat-25-11-2023,47
[49][M][readings/Sat-25-11-2023/2023-11-24T15-37-28],2024_super_G,"[[0 0 0 0 0 0 0 0 0 0 0 0 0 0 0 0 0 0 0 0 0 0 0 0 1 0 0 0 0 1 1 0 0 0 0 0
  0 0 0 0 0 0 0 0 0 0 0 1 0 0 0 0 0 0 0 0 0 0 1 0]]","[24, 29, 30, 47, 58]","[5, 9, 31, 34, 46, 48, 49]",[],Sat-25-11-2023,48
[50][M][readings/Wed-29-11-2023/2023-11-28T00-55-50],2024_super_G,"[[0 0 0 0 0 1 0 0 1 0 0 0 0 0 0 0 0 0 0 0 0 0 0 0 0 0 0 1 0 0 0 0 0 0 0 0
  1 0 0 0 0 0 0 0 0 0 0 0 0 0 0 0 0 0 0 0 0 1 0 0]]","[5, 8, 27, 36, 57]","[19, 31, 35, 38, 42, 49, 13]",[],Wed-29-11-2023,49
[51][M][readings/Wed-29-11-2023/2023-11-28T20-47-28],2024_super_G,"[[0 0 0 0 0 1 0 0 0 0 0 0 0 0 0 0 1 0 0 0 0 0 0 0 0 1 0 0 0 0 0 1 0 0 0 0
  0 0 1 0 0 0 0 0 0 0 0 0 0 0 0 0 0 0 0 0 0 0 0 0]]","[5, 16, 25, 31, 38]","[19, 31, 35, 38, 42, 49, 13]","[31, 38]",Wed-29-11-2023,50
[52][M][readings/Sat-02-12-2023/2023-11-30T21-55-41],2024_super_G,"[[0 0 0 0 0 0 0 0 0 0 0 0 0 0 0 0 0 0 0 0 0 0 0 0 0 0 0 0 0 0 0 0 0 0 0 0
  0 0 1 1 0 0 0 0 0 0 0 1 0 0 0 0 0 0 0 0 1 1 0 0]]","[38, 39, 47, 56, 57]","[2, 4, 11, 23, 26, 33, 40]",[],Sat-02-12-2023,51
[53][M][readings/Sat-02-12-2023/2023-11-30T22-09-43],2024_super_G,"[[0 0 0 0 0 1 0 0 0 0 0 0 0 0 0 0 1 0 0 0 0 0 0 0 0 0 0 0 0 0 0 0 0 0 0 0
  0 0 1 0 0 1 0 0 0 0 1 0 0 0 0 0 0 0 0 0 0 0 0 0]]","[5, 16, 38, 41, 46]","[2, 4, 11, 23, 26, 33, 40]",[],Sat-02-12-2023,52
[54][M][readings/Wed-06-12-2023/2023-12-05T18-55-32],2024_super_G,"[[0 0 0 0 0 1 0 0 0 0 0 0 0 0 0 0 0 0 0 0 0 0 0 0 0 0 0 0 0 1 0 0 0 0 0 0
  0 0 0 1 0 0 0 0 0 0 0 0 0 0 0 0 1 0 0 0 0 0 1 0]]","[5, 29, 39, 52, 58]","[2, 3, 6, 22, 43, 55, 47]",[],Wed-06-12-2023,53
[55][M][readings/Wed-06-12-2023/2023-12-05T19-09-18],2024_super_G,"[[0 0 0 0 0 0 0 0 0 0 0 0 0 0 0 0 0 0 1 0 0 0 0 0 0 0 0 0 0 0 0 0 0 0 0 0
  0 0 1 0 0 0 0 0 0 0 0 0 0 0 0 0 1 1 0 0 0 0 1 0]]","[18, 38, 52, 53, 58]","[2, 3, 6, 22, 43, 55, 47]",[],Wed-06-12-2023,54
[56][M][readings/Sat-09-12-2023/2023-12-08T15-09-32],2024_super_G,"[[0 0 0 0 0 0 0 0 1 0 0 0 0 0 1 0 0 0 0 0 0 0 0 0 0 0 0 1 0 0 0 0 0 0 0 0
  0 0 0 0 0 0 0 0 0 0 0 1 0 0 0 0 0 0 0 0 1 0 0 0]]","[8, 14, 27, 47, 56]","[15, 27, 33, 44, 46, 59, 30]",[27],Sat-09-12-2023,55
[57][M][readings/Sat-09-12-2023/2023-12-08T15-22-10],2024_super_G,"[[0 0 0 0 1 0 0 0 0 0 0 0 0 0 0 0 0 0 0 0 0 0 0 0 0 0 0 0 0 0 0 0 0 0 0 0
  0 0 0 1 0 0 0 0 0 0 0 1 0 0 0 0 0 1 0 0 0 0 1 0]]","[4, 39, 47, 53, 58]","[15, 27, 33, 44, 46, 59, 30]",[],Sat-09-12-2023,56
[58][M][readings/Wed-13-12-2023/2023-12-12T15-10-48],2024_super_G,"[[0 0 0 0 0 1 0 0 1 0 0 0 0 0 0 0 0 0 0 0 0 0 0 0 0 0 0 0 0 0 1 0 0 0 0 0
  0 0 0 0 0 1 0 0 0 0 0 1 0 0 0 0 0 0 0 0 0 0 0 0]]","[5, 8, 30, 41, 47]","[10, 28, 31, 34, 43, 48, 57]",[],Wed-13-12-2023,57
[59][M][readings/Wed-13-12-2023/2023-12-12T15-23-00],2024_super_G,"[[0 0 0 0 0 0 0 0 0 0 0 0 0 0 0 0 0 0 1 0 0 0 0 0 0 0 0 0 0 0 0 0 0 0 0 0
  1 0 0 1 0 0 0 0 0 1 0 1 0 0 0 0 0 0 0 0 0 0 0 0]]","[18, 36, 39, 45, 47]","[10, 28, 31, 34, 43, 48, 57]",[],Wed-13-12-2023,58
[60][M][readings/Sat-16-12-2023/2023-12-15T15-16-25],2024_super_G,"[[0 0 0 0 0 1 0 0 0 0 0 0 0 1 0 0 0 0 0 0 0 0 0 0 0 0 0 0 0 0 0 0 0 1 0 0
  0 0 0 0 0 0 0 0 0 0 0 1 0 0 0 0 0 0 0 0 1 0 0 0]]","[5, 13, 33, 47, 56]","[4, 12, 23, 30, 50, 56, 8]",[56],Sat-16-12-2023,59
[61][M][readings/Sat-16-12-2023/2023-12-15T15-39-06],2024_super_G,"[[0 0 0 0 0 1 0 0 1 0 0 0 0 0 0 0 1 0 0 0 0 0 0 0 0 0 0 0 0 0 0 0 0 0 0 0
  0 0 0 0 0 0 0 0 0 0 1 0 0 0 0 0 0 0 0 0 0 0 1 0]]","[5, 8, 16, 46, 58]","[4, 12, 23, 30, 50, 56, 8]",[8],Sat-16-12-2023,60
[62][M][readings/Wed-20-12-2023/2023-12-19T23-16-47],2024_super_G,"[[0 0 0 0 0 1 0 1 0 0 0 0 0 0 0 0 0 0 1 0 0 0 0 0 0 0 0 0 0 0 0 0 0 0 0 0
  0 0 0 0 0 0 0 0 0 0 0 1 0 0 0 0 0 0 0 0 0 0 1 0]]","[5, 7, 18, 47, 58]","[4, 8, 11, 46, 50, 53, 16]",[],Wed-20-12-2023,61
[63][M][readings/Wed-20-12-2023/2023-12-19T23-31-16],2024_super_G,"[[0 0 0 0 0 0 0 1 0 0 0 0 0 0 0 0 1 0 0 0 0 0 0 0 0 0 0 0 1 0 0 0 0 0 0 0
  0 0 0 1 0 0 0 0 0 0 0 0 0 0 0 0 0 0 0 0 0 0 1 0]]","[7, 16, 28, 39, 58]","[4, 8, 11, 46, 50, 53, 16]",[16],Wed-20-12-2023,62
[64][M][readings/Sat-23-12-2023/2023-12-23T10-10-28],2024_super_G,"[[0 0 0 0 0 1 0 0 0 0 0 0 0 0 0 0 1 0 0 0 0 0 0 0 0 0 0 0 0 0 0 0 0 0 0 0
  0 0 0 0 1 0 0 1 0 0 0 0 0 0 0 1 0 0 0 0 0 0 0 0]]","[5, 16, 40, 43, 51]","[17, 29, 31, 40, 47, 56, 44]",[40],Sat-23-12-2023,63
[65][M][readings/Sat-23-12-2023/2023-12-23T10-22-45],2024_super_G,"[[0 0 0 0 0 0 0 0 0 0 0 0 0 0 0 0 0 0 0 0 0 0 0 0 0 0 0 0 0 0 1 1 0 0 0 0
  0 0 0 0 1 0 0 0 0 0 0 0 0 0 0 0 0 1 0 0 0 0 1 0]]","[30, 31, 40, 53, 58]","[17, 29, 31, 40, 47, 56, 44]","[31, 40]",Sat-23-12-2023,64
[66][M][readings/Sat-30-12-2023/2023-12-30T12-09-49],2024_super_G,"[[0 0 0 0 0 1 0 0 0 0 0 0 0 1 0 0 1 0 0 0 0 0 0 0 0 0 0 0 0 1 0 0 0 0 0 0
  1 0 0 0 0 0 0 0 0 0 0 0 0 0 0 0 0 0 0 0 0 0 0 0]]","[5, 13, 16, 29, 36]","[15, 26, 29, 37, 49, 53, 38]",[29],Sat-30-12-2023,65
[67][M][readings/Sat-30-12-2023/2023-12-30T12-25-42],2024_super_G,"[[0 0 0 1 0 1 0 0 0 0 0 0 0 0 0 0 0 0 0 0 0 0 0 0 0 0 0 0 0 0 1 0 0 0 0 0
  0 0 0 0 1 0 0 0 0 0 0 0 0 0 0 0 0 0 0 0 0 0 1 0]]","[3, 5, 30, 40, 58]","[15, 26, 29, 37, 49, 53, 38]",[],Sat-30-12-2023,66
[68][M][readings/Wed-03-01-2024/2024-01-03T19-10-45],2024_super_G,"[[0 0 0 0 0 1 0 1 0 0 0 0 0 0 0 0 0 0 0 0 0 0 0 1 0 0 0 0 0 0 0 1 0 0 0 0
  0 0 1 0 0 0 0 0 0 0 0 0 0 0 0 0 0 0 0 0 0 0 0 0]]","[5, 7, 23, 31, 38]","[1, 5, 19, 27, 38, 59, 55]","[5, 38]",Wed-03-01-2024,67
[69][M][readings/Wed-03-01-2024/2024-01-03T19-25-51],2024_super_G,"[[0 0 0 0 0 1 0 0 0 0 0 0 0 0 0 0 0 0 0 0 0 0 1 0 0 1 0 0 0 0 0 0 0 0 0 0
  0 0 0 0 1 0 0 0 0 0 0 0 0 0 0 0 1 0 0 0 0 0 0 0]]","[5, 22, 25, 40, 52]","[1, 5, 19, 27, 38, 59, 55]",[5],Wed-03-01-2024,68
[70][A][readings/Sat-06-01-2024/2024-01-06T13-21-22],2024_super_G,"[[0 0 0 0 0 1 0 0 0 0 0 0 0 0 0 0 0 0 0 0 0 0 0 0 0 0 0 0 0 0 0 0 0 0 0 0
  0 0 1 1 0 0 0 0 0 0 1 0 0 0 0 0 0 1 0 0 0 0 0 0]]","[5, 38, 39, 46, 53]","[2, 23, 38, 43, 53, 54, 41]","[38, 53]",Sat-06-01-2024,69
[71][M][readings/Sat-06-01-2024/2024-01-06T13-33-56],2024_super_G,"[[0 0 0 0 0 1 0 0 1 0 0 0 0 0 1 0 1 0 0 0 0 0 0 0 0 0 0 0 0 0 0 0 0 0 0 0
  0 0 0 0 0 0 0 0 0 0 0 1 0 0 0 0 0 0 0 0 0 0 0 0]]","[5, 8, 14, 16, 47]","[2, 23, 38, 43, 53, 54, 41]",[],Sat-06-01-2024,70
[72][L][readings/Wed-10-01-2024/2024-01-09T03-31-18],2024_super_G,"[[0 0 0 0 0 1 1 0 1 0 0 0 0 0 0 0 0 0 0 0 0 0 0 0 0 0 0 0 0 0 0 0 0 1 0 0
  0 0 0 0 1 0 0 0 0 0 0 0 0 0 0 0 0 0 0 0 0 0 0 0]]","[5, 6, 8, 33, 40]","[1, 5, 15, 25, 45, 53, 2]",[5],Wed-10-01-2024,71
[73][N][readings/Sat-10-02-2024/2024-02-04T14-08-09],2024_super_G,"[[0 0 0 0 0 1 0 1 0 0 0 0 0 1 0 0 0 0 0 0 0 0 0 0 0 0 0 0 1 0 0 0 0 0 0 0
  0 0 0 0 0 0 0 0 0 0 0 0 0 0 0 0 0 0 0 0 0 1 0 0]]","[5, 7, 13, 28, 57]","[4, 19, 24, 29, 43, 53, 34]",[],Sat-10-02-2024,72
[74][N][readings/Sat-24-02-2024/2024-02-18T15-06-46],2024_super_G,"[[0 0 0 0 0 1 0 0 0 0 0 0 0 0 0 0 1 0 0 0 0 0 0 0 0 0 1 0 0 0 0 0 0 0 0 0
  0 0 0 0 0 0 0 0 0 0 0 0 0 0 0 0 1 0 0 0 0 1 0 0]]","[5, 16, 26, 52, 57]","[3, 4, 11, 20, 36, 56, 28]",[],Sat-24-02-2024,73
[75][M][readings/Sat-24-02-2024/2024-02-18T15-20-37],2024_super_G,"[[0 0 0 0 0 1 0 0 0 0 0 0 0 0 0 0 1 0 0 0 0 0 1 0 0 0 0 0 1 0 0 0 0 0 0 0
  0 0 0 0 0 0 0 0 0 0 1 0 0 0 0 0 0 0 0 0 0 0 0 0]]","[5, 16, 22, 28, 46]","[3, 4, 11, 20, 36, 56, 28]",[28],Sat-24-02-2024,74
[76][N][readings/Sat-24-02-2024/2024-02-18T15-42-05],2024_super_G,"[[0 0 0 0 0 1 0 0 0 0 0 1 0 0 0 0 0 0 0 1 0 0 0 0 0 0 0 0 0 0 0 0 0 0 0 0
  0 0 0 0 0 1 0 0 0 0 1 0 0 0 0 0 0 0 0 0 0 0 0 0]]","[5, 11, 19, 41, 46]","[3, 4, 11, 20, 36, 56, 28]",[11],Sat-24-02-2024,75
[77][C][readings/Wed-28-02-2024/2024-02-25T16-50-32],2024_super_G,"[[0 0 0 0 0 1 0 1 0 0 0 0 0 0 0 0 1 0 0 0 0 0 0 0 0 0 0 0 1 0 0 0 0 0 0 0
  0 0 0 0 0 0 0 0 0 0 0 1 0 0 0 0 0 0 0 0 0 0 0 0]]","[5, 7, 16, 28, 47]","[12, 21, 39, 44, 45, 50, 51]",[],Wed-28-02-2024,76
[78][M][readings/Wed-28-02-2024/2024-02-25T22-50-30],2024_super_G,"[[0 0 1 0 0 1 0 0 0 0 0 0 0 0 0 0 0 0 0 0 0 0 0 0 0 0 0 0 1 0 0 0 0 0 0 0
  1 0 0 0 0 0 0 0 0 0 0 0 0 0 0 0 0 0 0 0 0 1 0 0]]","[2, 5, 28, 36, 57]","[12, 21, 39, 44, 45, 50, 51]",[],Wed-28-02-2024,77
[79][M][readings/Sat-02-03-2024/2024-03-02T17-46-51],2024_super_G,"[[0 0 1 0 0 1 0 0 0 0 0 0 0 1 0 0 0 0 0 0 0 0 0 0 0 0 1 0 0 0 0 0 0 0 0 0
  0 0 0 0 0 0 0 0 0 0 0 1 0 0 0 0 0 0 0 0 0 0 0 0]]","[2, 5, 13, 26, 47]","[2, 20, 34, 40, 48, 59, 6]",[2],Sat-02-03-2024,78
[80][M][readings/Wed-06-03-2024/2024-03-06T16-51-06],2024_super_G,"[[0 0 0 0 0 0 0 0 0 0 0 0 0 0 0 0 0 0 0 1 0 1 0 0 0 0 0 0 1 0 0 0 0 0 0 0
  1 0 0 1 0 0 0 0 0 0 0 0 0 0 0 0 0 0 0 0 0 0 0 0]]","[19, 21, 28, 36, 39]","[7, 11, 32, 37, 48, 58, 28]",[28],Wed-06-03-2024,79
[81][M][readings/Wed-13-03-2024/2024-03-13T18-59-03],2024_super_G,"[[0 0 0 0 0 0 0 0 0 0 1 0 0 0 0 0 1 0 0 0 0 0 0 0 0 0 0 0 1 0 0 0 0 0 0 0
  0 0 0 0 0 0 0 0 0 0 1 0 0 0 0 0 0 0 0 0 0 0 1 0]]","[10, 16, 28, 46, 58]","[24, 26, 28, 34, 35, 37, 48]",[28],Wed-13-03-2024,80
[82][N][readings/Wed-20-03-2024/2024-03-19T16-05-21],2024_super_G,"[[0 0 0 0 0 1 1 0 1 0 0 0 0 0 0 0 0 0 0 0 0 0 0 0 0 0 0 0 0 0 1 0 0 1 0 0
  0 0 0 0 0 0 0 0 0 0 0 0 0 0 0 0 0 0 0 0 0 0 0 0]]","[5, 6, 8, 30, 33]","[8, 10, 14, 25, 29, 35, 32]",[8],Wed-20-03-2024,81
[83][N][readings/Sat-23-03-2024/2024-03-23T13-38-26],2024_super_G,"[[0 0 0 0 0 0 0 1 0 0 0 0 0 0 0 0 0 0 0 0 0 0 0 0 0 0 0 0 0 0 0 0 0 0 0 0
  0 0 1 1 0 0 0 0 0 0 0 0 0 0 1 1 0 0 0 0 0 0 0 0]]","[7, 38, 39, 50, 51]","[7, 15, 41, 43, 45, 50, 28]","[7, 50]",Sat-23-03-2024,82
[84][M][readings/Sat-23-03-2024/2024-03-23T15-42-04],2024_super_G,"[[0 0 0 0 0 1 0 0 0 0 0 0 0 0 0 0 0 0 0 0 0 0 0 0 0 1 0 0 0 0 1 1 0 0 0 0
  0 0 0 0 0 0 0 0 0 0 0 0 0 0 0 0 1 0 0 0 0 0 0 0]]","[5, 25, 30, 31, 52]","[7, 15, 41, 43, 45, 50, 28]",[],Sat-23-03-2024,83
[85][N][readings/Sat-30-03-2024/2024-03-24T14-39-07],2024_super_G,"[[0 0 0 0 0 1 1 0 1 0 0 0 0 0 0 0 0 0 0 0 0 0 0 0 0 0 0 0 0 0 0 0 0 0 0 1
  0 0 0 0 1 0 0 0 0 0 0 0 0 0 0 0 0 0 0 0 0 0 0 0]]","[5, 6, 8, 35, 40]","[15, 16, 19, 37, 49, 51, 17]",[],Sat-30-03-2024,84
[86][C][readings/Sat-30-03-2024/2024-03-24T14-55-49],2024_super_G,"[[0 0 0 0 0 0 0 0 0 0 0 0 0 0 0 0 1 0 0 0 0 0 0 0 0 0 0 0 0 0 0 1 0 0 0 0
  0 0 0 0 0 0 0 0 0 0 0 1 0 0 0 0 1 1 0 0 0 0 0 0]]","[16, 31, 47, 52, 53]","[15, 16, 19, 37, 49, 51, 17]",[16],Sat-30-03-2024,85
[87][N][readings/Sat-30-03-2024/2024-03-28T14-35-35],2024_super_G,"[[0 0 0 0 0 1 0 0 0 0 0 0 0 0 0 0 1 0 0 0 0 0 0 0 0 0 0 0 0 0 0 0 0 0 0 0
  0 0 0 0 0 1 0 0 0 0 0 1 0 0 0 0 1 0 0 0 0 0 0 0]]","[5, 16, 41, 47, 52]","[15, 16, 19, 37, 49, 51, 17]",[16],Sat-30-03-2024,86
[88][M][readings/Sat-30-03-2024/2024-03-30T12-30-42],2024_super_G,"[[0 0 1 0 0 1 0 0 0 0 0 0 0 0 1 0 0 0 0 1 0 0 0 0 0 0 0 0 1 0 0 0 0 0 0 0
  0 0 0 0 0 0 0 0 0 0 0 0 0 0 0 0 0 0 0 0 0 0 0 0]]","[2, 5, 14, 19, 28]","[15, 16, 19, 37, 49, 51, 17]",[19],Sat-30-03-2024,87
[89][M][readings/Sat-30-03-2024/2024-03-30T12-44-53],2024_super_G,"[[0 0 0 0 0 1 0 1 0 0 0 0 0 0 0 0 0 0 0 0 0 0 0 0 0 0 0 0 0 0 0 0 0 0 0 0
  0 0 0 0 0 0 0 0 0 0 0 0 0 0 0 0 1 0 0 0 0 1 1 0]]","[5, 7, 52, 57, 58]","[15, 16, 19, 37, 49, 51, 17]",[],Sat-30-03-2024,88
[90][M][readings/Sat-30-03-2024/2024-03-30T12-58-00],2024_super_G,"[[0 0 0 0 0 1 1 0 0 0 0 0 0 0 0 0 0 0 0 0 0 0 0 0 0 0 0 0 1 0 1 0 0 0 0 0
  0 0 0 0 1 0 0 0 0 0 0 0 0 0 0 0 0 0 0 0 0 0 0 0]]","[5, 6, 28, 30, 40]","[15, 16, 19, 37, 49, 51, 17]",[],Sat-30-03-2024,89
[91][N][readings/Sat-15-06-2024/2024-06-09T14-45-20],2024_super_G,"[[0 0 0 0 0 1 0 0 0 0 0 0 0 0 0 0 0 0 0 0 0 1 0 0 0 0 0 0 0 0 1 0 0 0 0 0
  0 0 0 0 0 0 0 0 0 0 0 1 0 0 0 0 0 0 0 0 0 1 0 0]]","[5, 21, 30, 47, 57]","[1, 9, 25, 29, 34, 39, 22]",[],Sat-15-06-2024,90
[92][C][readings/Sat-15-06-2024/2024-06-09T15-05-45],2024_super_G,"[[0 0 0 0 0 0 0 0 0 0 0 0 0 1 0 0 0 0 1 0 0 0 0 0 0 0 0 0 0 0 1 0 0 0 0 0
  0 0 0 0 1 0 0 0 0 0 0 1 0 0 0 0 0 0 0 0 0 0 0 0]]","[13, 18, 30, 40, 47]","[1, 9, 25, 29, 34, 39, 22]",[],Sat-15-06-2024,91
[93][C][readings/Sat-22-06-2024/2024-06-20T19-29-31],2024_super_G,"[[0 0 0 0 0 1 0 0 0 0 0 0 0 1 0 0 0 0 0 0 0 0 0 0 0 0 0 0 0 0 0 0 0 0 0 0
  0 0 0 1 0 0 0 0 0 0 1 0 0 0 0 0 0 0 0 0 0 0 1 0]]","[5, 13, 39, 46, 58]","[5, 9, 18, 32, 44, 58, 34]","[5, 58]",Sat-22-06-2024,92
[94][N][readings/Sat-22-06-2024/2024-06-21T18-31-38],2024_super_G,"[[0 0 0 0 0 0 0 0 0 0 1 0 0 0 0 0 1 0 0 0 0 0 0 0 0 0 1 0 1 0 0 0 0 0 0 0
  0 0 1 0 0 0 0 0 0 0 0 0 0 0 0 0 0 0 0 0 0 0 0 0]]","[10, 16, 26, 28, 38]","[5, 9, 18, 32, 44, 58, 34]",[],Sat-22-06-2024,93
[95][MNC][readings/Sat-13-07-2024/2024-07-12T17-59-53],2024_super_G,"[[0 0 0 0 0 0 0 0 0 0 0 0 0 0 1 0 1 0 0 0 0 0 0 0 0 0 0 0 0 0 0 0 0 0 0 0
  0 0 0 0 0 0 0 0 0 0 1 0 0 0 0 0 0 0 0 0 1 0 1 0]]","[14, 16, 46, 56, 58]","[22, 27, 37, 38, 49, 51, 59]",[],Sat-13-07-2024,94
[2][C][readings/Sat-16-09-2023/2023-09-16T16-29-21],2024_super_B,"[[0 0 0 0 0 0 0 0 0 1 0 1 0 0 0 0 0 0 1 0 0 0 0 0 0 0 0 0 0 0 0 0 0 0 0 0
  0 0 1 0 0 0 0 0 0 0 0 0 0 0 0 0 0 0 0 0 0 1 0 0]]","[9, 11, 18, 38, 57]","[7, 17, 22, 24, 31, 59, 50]",[],Sat-16-09-2023,1
[3][M][readings/Sat-16-09-2023/2023-09-16T17-39-19],2024_super_B,"[[0 0 0 0 0 0 1 0 0 0 0 0 0 0 0 0 0 0 0 0 0 0 0 0 0 0 0 0 0 0 0 0 0 1 0 0
  0 0 1 0 0 1 0 0 0 0 0 1 0 0 0 0 0 0 0 0 0 0 0 0]]","[6, 33, 38, 41, 47]","[7, 17, 22, 24, 31, 59, 50]",[],Sat-16-09-2023,2
[4][N][readings/Wed-20-09-2023/2023-09-17T15-26-43],2024_super_B,"[[0 0 0 0 0 0 0 0 0 0 0 0 0 0 0 0 0 0 0 0 0 0 0 0 0 0 0 0 0 0 1 0 0 1 0 1
  0 0 0 0 0 0 1 0 0 0 0 0 0 0 0 0 0 0 0 0 0 0 1 0]]","[30, 33, 35, 42, 58]","[9, 18, 34, 37, 42, 52, 50]",[42],Wed-20-09-2023,3
[5][C][readings/Wed-20-09-2023/2023-09-17T15-52-21],2024_super_B,"[[0 0 0 0 0 0 0 0 0 0 0 0 0 0 0 0 0 1 0 0 0 0 0 0 0 0 0 0 0 0 0 0 0 0 0 0
  0 0 0 0 0 0 0 1 0 0 0 0 0 0 0 1 1 0 0 0 0 1 0 0]]","[17, 43, 51, 52, 57]","[9, 18, 34, 37, 42, 52, 50]",[52],Wed-20-09-2023,4
[6][A][readings/Wed-20-09-2023/2023-09-17T18-39-31],2024_super_B,"[[0 0 0 0 0 0 1 0 0 1 0 0 0 0 0 0 0 0 0 0 0 0 0 0 0 0 0 0 0 0 0 0 0 0 0 0
  0 0 0 0 0 0 1 0 0 0 0 1 0 0 0 0 0 0 0 0 0 0 1 0]]","[6, 9, 42, 47, 58]","[9, 18, 34, 37, 42, 52, 50]","[9, 42]",Wed-20-09-2023,5
[7][M][readings/Wed-27-09-2023/2023-09-26T13-36-10],2024_super_B,"[[0 0 0 0 0 1 1 0 0 0 0 0 0 1 0 0 0 0 0 0 0 0 0 0 0 0 0 0 0 0 0 0 0 0 0 0
  0 0 0 0 0 0 0 1 0 0 0 0 0 0 0 0 0 0 0 0 0 1 0 0]]","[5, 6, 13, 43, 57]","[8, 10, 11, 20, 31, 44, 28]",[],Wed-27-09-2023,6
[8][A][readings/Wed-27-09-2023/2023-09-23T14-52-01],2024_super_B,"[[0 0 0 0 0 0 0 0 0 0 0 0 0 0 0 0 0 0 0 1 0 0 0 0 0 0 0 0 0 0 1 0 0 0 0 0
  0 0 0 1 0 0 0 0 0 0 0 0 0 0 0 0 0 0 0 0 0 1 1 0]]","[19, 30, 39, 57, 58]","[8, 10, 11, 20, 31, 44, 28]",[],Wed-27-09-2023,7
[9][A][readings/Sat-30-09-2023/2023-09-24T14-21-54],2024_super_B,"[[0 0 0 0 0 0 0 0 1 0 0 0 0 0 0 0 0 0 0 0 0 0 0 0 0 0 0 0 0 0 0 0 0 0 1 0
  0 0 0 0 1 0 0 0 0 0 0 1 0 0 0 0 0 0 0 0 0 0 1 0]]","[8, 34, 40, 47, 58]","[1, 8, 14, 20, 24, 40, 52]","[8, 40]",Sat-30-09-2023,8
[10][N_O][readings/Sat-30-09-2023/2023-09-24T15-16-29],2024_super_B,"[[0 0 0 0 0 0 1 0 0 0 0 0 0 0 0 0 0 1 0 0 0 0 0 0 0 0 0 0 0 0 0 1 0 0 0 0
  0 0 0 0 0 0 0 0 0 0 1 0 0 1 0 0 0 0 0 0 0 0 0 0]]","[6, 17, 31, 46, 49]","[1, 8, 14, 20, 24, 40, 52]",[],Sat-30-09-2023,9
[11][C_O][readings/Sat-30-09-2023/2023-09-24T15-43-16],2024_super_B,"[[0 0 0 0 0 1 0 0 0 0 0 0 0 0 0 0 0 0 0 0 0 0 0 0 0 0 0 0 0 0 0 0 0 0 0 0
  0 0 0 0 0 0 0 1 0 0 0 0 0 0 0 0 1 0 0 0 0 1 1 0]]","[5, 43, 52, 57, 58]","[1, 8, 14, 20, 24, 40, 52]",[52],Sat-30-09-2023,10
[12][N_N][readings/Sat-30-09-2023/2023-09-29T18-34-28],2024_super_B,"[[0 0 0 0 1 0 1 0 0 0 0 0 0 0 0 0 0 0 0 0 0 0 0 0 0 0 0 0 1 0 1 0 0 0 0 0
  0 0 0 0 0 0 0 0 0 1 0 0 0 0 0 0 0 0 0 0 0 0 0 0]]","[4, 6, 28, 30, 45]","[1, 8, 14, 20, 24, 40, 52]",[],Sat-30-09-2023,11
[13][C_N][readings/Sat-30-09-2023/2023-09-29T17-06-27],2024_super_B,"[[0 0 0 0 0 0 0 0 0 0 0 0 0 0 0 0 0 0 0 0 0 0 0 0 1 0 0 0 0 1 1 0 0 0 0 0
  0 0 0 0 0 0 0 0 0 1 0 0 0 1 0 0 0 0 0 0 0 0 0 0]]","[24, 29, 30, 45, 49]","[1, 8, 14, 20, 24, 40, 52]",[24],Sat-30-09-2023,12
[14][A][readings/Wed-04-10-2023/2023-10-01T14-41-53],2024_super_B,"[[0 0 0 0 0 0 0 0 1 0 0 1 0 0 0 0 0 0 0 0 0 0 0 0 0 0 0 1 0 0 1 0 0 0 0 0
  0 0 0 0 0 0 0 0 0 0 0 0 0 0 0 0 0 0 0 0 0 0 1 0]]","[8, 11, 27, 30, 58]","[3, 8, 37, 42, 53, 55, 46]",[8],Wed-04-10-2023,13
[15][N][readings/Wed-04-10-2023/2023-10-01T15-36-03],2024_super_B,"[[0 0 0 1 0 0 1 0 0 0 0 0 0 0 0 0 0 0 0 0 0 0 0 0 0 0 0 0 0 0 1 0 0 0 0 0
  0 0 0 0 0 0 0 1 0 0 1 0 0 0 0 0 0 0 0 0 0 0 0 0]]","[3, 6, 30, 43, 46]","[3, 8, 37, 42, 53, 55, 46]","[3, 46]",Wed-04-10-2023,14
[16][C][readings/Wed-04-10-2023/2023-10-01T15-55-25],2024_super_B,"[[0 0 0 0 0 1 0 0 0 0 0 0 0 0 0 0 0 0 0 0 0 0 0 0 0 0 0 0 0 1 0 0 0 0 0 0
  0 0 0 1 0 0 0 0 0 1 0 0 0 0 0 0 0 0 0 0 0 0 1 0]]","[5, 29, 39, 45, 58]","[3, 8, 37, 42, 53, 55, 46]",[],Wed-04-10-2023,15
[17][C][readings/Sat-07-10-2023/2023-10-05T16-28-38],2024_super_B,"[[0 0 0 0 0 0 0 0 0 0 1 0 0 0 0 0 0 0 0 0 0 0 0 0 0 0 0 0 0 0 0 0 0 0 0 0
  0 0 1 1 0 0 0 0 0 0 0 1 0 0 0 0 0 0 0 0 0 0 1 0]]","[10, 38, 39, 47, 58]","[10, 16, 20, 22, 47, 52, 26]","[10, 47]",Sat-07-10-2023,16
[18][M][readings/Sat-07-10-2023/2023-10-06T22-34-23],2024_super_B,"[[0 0 0 0 0 0 1 0 0 0 0 0 0 0 0 0 0 0 0 0 0 0 0 0 0 0 0 0 0 0 0 0 0 0 0 0
  0 0 0 0 0 0 1 0 0 1 0 1 0 0 0 0 0 0 0 0 0 0 1 0]]","[6, 42, 45, 47, 58]","[10, 16, 20, 22, 47, 52, 26]",[47],Sat-07-10-2023,17
[19][A][readings/Wed-11-10-2023/2023-10-08T15-07-11],2024_super_B,"[[0 0 0 0 0 0 0 0 0 0 0 0 0 0 0 0 0 0 0 0 0 0 0 0 0 0 0 0 1 0 0 0 0 0 0 0
  0 0 0 1 0 0 0 0 0 0 1 1 0 0 0 0 0 0 0 0 0 0 1 0]]","[28, 39, 46, 47, 58]","[3, 8, 15, 18, 23, 25, 58]",[58],Wed-11-10-2023,18
[20][N][readings/Wed-11-10-2023/2023-10-08T15-57-38],2024_super_B,"[[0 0 0 0 0 1 0 1 0 0 0 0 0 0 0 0 0 0 0 0 0 0 0 0 0 0 0 0 0 0 0 0 0 0 0 0
  0 0 0 1 0 0 0 0 0 0 0 0 0 0 0 0 0 0 0 0 0 1 1 0]]","[5, 7, 39, 57, 58]","[3, 8, 15, 18, 23, 25, 58]",[58],Wed-11-10-2023,19
[21][M][readings/Wed-11-10-2023/2023-10-11T12-49-22],2024_super_B,"[[0 0 0 0 0 0 1 0 0 1 0 0 0 0 0 0 0 0 1 0 0 0 0 0 0 1 0 0 0 0 0 0 0 0 0 0
  0 0 0 0 0 0 0 0 0 0 0 0 0 0 0 0 0 0 0 0 0 0 1 0]]","[6, 9, 18, 25, 58]","[3, 8, 15, 18, 23, 25, 58]","[18, 25, 58]",Wed-11-10-2023,20
[22][M][readings/Sat-14-10-2023/2023-10-14T14-29-11],2024_super_B,"[[0 0 0 0 0 0 1 0 0 0 0 0 0 0 0 0 0 0 0 0 0 0 0 0 0 0 0 0 0 0 1 0 0 1 0 1
  0 0 0 0 0 0 0 0 0 0 0 0 0 0 0 0 0 0 0 0 0 0 1 0]]","[6, 30, 33, 35, 58]","[4, 27, 28, 31, 51, 57, 48]",[],Sat-14-10-2023,21
[23][M][readings/Sat-14-10-2023/2023-10-14T18-07-31],2024_super_B,"[[0 0 0 0 0 0 1 1 0 0 0 0 0 0 0 0 0 0 0 0 0 0 0 0 0 0 0 0 0 0 1 0 0 1 0 0
  0 0 0 0 0 0 0 0 0 0 0 0 0 0 0 0 0 0 0 0 0 0 1 0]]","[6, 7, 30, 33, 58]","[4, 27, 28, 31, 51, 57, 48]",[],Sat-14-10-2023,22
[24][A][readings/Wed-18-10-2023/2023-10-15T14-05-32],2024_super_B,"[[0 0 0 0 0 0 1 0 0 0 0 0 0 0 0 0 0 0 0 1 0 0 0 0 0 0 0 0 0 0 0 0 0 0 0 1
  0 0 1 0 0 0 0 0 0 0 0 0 0 0 0 0 0 0 0 0 0 0 1 0]]","[6, 19, 35, 38, 58]","[6, 7, 8, 20, 34, 48, 38]","[6, 38]",Wed-18-10-2023,23
[25][C][readings/Wed-18-10-2023/2023-10-15T15-02-00],2024_super_B,"[[0 0 0 0 0 1 1 0 0 0 0 0 0 0 1 0 0 0 0 0 0 0 0 0 0 0 0 0 0 0 1 0 0 0 0 0
  0 0 0 0 0 0 0 0 0 0 1 0 0 0 0 0 0 0 0 0 0 0 0 0]]","[5, 6, 14, 30, 46]","[6, 7, 8, 20, 34, 48, 38]",[6],Wed-18-10-2023,24
[26][N][readings/Wed-18-10-2023/2023-10-15T15-20-04],2024_super_B,"[[0 0 0 0 0 0 1 0 0 0 0 0 0 0 0 0 0 0 0 0 0 0 0 0 0 0 0 0 0 0 1 0 0 0 0 0
  0 0 0 0 1 0 1 0 0 0 0 0 0 0 0 0 0 0 0 0 0 0 1 0]]","[6, 30, 40, 42, 58]","[6, 7, 8, 20, 34, 48, 38]",[6],Wed-18-10-2023,25
[27][M][readings/Sat-21-10-2023/2023-10-20T11-23-42],2024_super_B,"[[0 0 0 0 0 0 1 0 0 0 0 0 0 1 0 0 0 0 0 1 0 0 0 0 0 0 0 0 0 0 0 0 0 0 0 0
  0 0 0 0 0 0 0 0 0 0 0 0 0 0 0 1 0 0 0 0 0 0 1 0]]","[6, 13, 19, 51, 58]","[14, 15, 26, 37, 43, 54, 6]",[6],Sat-21-10-2023,26
[28][M][readings/Sat-21-10-2023/2023-10-20T11-36-26],2024_super_B,"[[0 0 0 1 0 0 0 0 0 0 0 0 0 0 0 0 0 0 0 1 0 0 0 0 0 0 0 0 0 1 0 1 0 0 0 0
  0 0 0 1 0 0 0 0 0 0 0 0 0 0 0 0 0 0 0 0 0 0 0 0]]","[3, 19, 29, 31, 39]","[14, 15, 26, 37, 43, 54, 6]",[],Sat-21-10-2023,27
[29][M][readings/Wed-25-10-2023/2023-10-24T18-59-05],2024_super_B,"[[0 0 0 0 0 1 0 1 0 0 0 0 0 0 0 0 0 0 0 0 0 0 0 0 0 0 0 0 0 0 0 0 0 0 0 0
  0 0 0 0 0 0 0 1 0 0 0 0 1 0 0 0 0 0 0 0 0 1 0 0]]","[5, 7, 43, 48, 57]","[16, 20, 33, 41, 47, 59, 21]",[],Wed-25-10-2023,28
[30][A][readings/Wed-25-10-2023/2023-10-24T22-44-37],2024_super_B,"[[0 0 0 0 0 0 1 0 0 0 0 0 0 0 0 0 0 0 0 1 0 0 0 0 0 0 0 0 0 0 0 0 0 0 0 1
  0 0 0 0 0 0 0 0 0 0 0 0 0 1 0 0 0 0 0 0 0 0 1 0]]","[6, 19, 35, 49, 58]","[16, 20, 33, 41, 47, 59, 21]",[],Wed-25-10-2023,29
[31][C][readings/Sat-28-10-2023/2023-10-26T15-24-08],2024_super_B,"[[0 0 0 0 0 1 0 0 0 0 0 0 0 0 0 0 0 0 0 1 0 0 0 0 0 0 0 1 0 0 1 0 0 0 0 0
  0 0 0 0 0 0 0 0 0 0 1 0 0 0 0 0 0 0 0 0 0 0 0 0]]","[5, 19, 27, 30, 46]","[25, 28, 37, 38, 42, 50, 6]",[],Sat-28-10-2023,30
[32][M][readings/Sat-28-10-2023/2023-10-26T21-12-29],2024_super_B,"[[0 0 0 0 0 0 0 0 0 0 0 0 0 0 0 0 0 0 0 0 0 0 0 0 0 0 0 0 0 0 1 0 0 0 0 0
  0 0 0 0 0 0 1 1 0 0 0 0 0 0 0 0 1 0 0 0 0 0 1 0]]","[30, 42, 43, 52, 58]","[25, 28, 37, 38, 42, 50, 6]",[42],Sat-28-10-2023,31
[33][M][readings/Wed-01-11-2023/2023-10-31T21-22-18],2024_super_B,"[[0 0 0 1 0 0 0 0 0 0 0 0 0 0 0 0 1 0 0 0 0 0 0 0 0 0 0 0 0 0 0 0 0 0 0 0
  1 0 0 0 0 0 1 0 0 0 0 0 0 0 0 0 0 0 0 0 0 1 0 0]]","[3, 16, 36, 42, 57]","[9, 15, 36, 37, 42, 43, 50]","[36, 42]",Wed-01-11-2023,32
[34][M][readings/Wed-01-11-2023/2023-11-01T14-42-55],2024_super_B,"[[0 0 0 0 0 0 1 0 0 0 0 0 0 0 0 0 0 0 0 1 0 0 0 0 0 0 1 0 0 0 0 0 0 0 0 0
  0 0 0 1 0 0 0 0 0 0 0 0 1 0 0 0 0 0 0 0 0 0 0 0]]","[6, 19, 26, 39, 48]","[9, 15, 36, 37, 42, 43, 50]",[],Wed-01-11-2023,33
[35][M][readings/Sat-04-11-2023/2023-11-03T11-20-11],2024_super_B,"[[0 0 0 0 0 0 1 0 0 0 0 0 0 0 0 0 0 0 0 1 0 0 0 0 0 0 0 0 0 0 0 0 0 1 0 0
  0 0 0 0 1 0 0 0 0 0 0 0 0 0 0 0 0 0 0 0 0 0 1 0]]","[6, 19, 33, 40, 58]","[20, 37, 39, 52, 54, 57, 43]",[],Sat-04-11-2023,34
[36][M][readings/Sat-04-11-2023/2023-11-03T14-37-22],2024_super_B,"[[0 0 0 0 0 0 0 0 0 0 0 0 0 0 0 0 1 0 0 0 0 0 0 0 0 0 0 0 0 0 0 1 0 0 0 0
  0 0 0 0 1 0 0 0 0 0 0 0 0 0 0 0 0 0 0 1 0 0 1 0]]","[16, 31, 40, 55, 58]","[20, 37, 39, 52, 54, 57, 43]",[],Sat-04-11-2023,35
[37][A][readings/Wed-08-11-2023/2023-11-04T17-00-16],2024_super_B,"[[0 0 0 0 0 0 1 1 0 0 0 0 0 0 0 0 0 0 0 0 0 0 0 0 0 0 0 0 0 0 1 0 0 0 0 0
  0 0 0 0 0 0 0 0 0 0 0 0 0 0 0 0 0 0 0 0 1 0 1 0]]","[6, 7, 30, 56, 58]","[1, 7, 12, 17, 46, 53, 24]",[7],Wed-08-11-2023,36
[38][A][readings/Wed-08-11-2023/2023-11-05T15-50-06],2024_super_B,"[[0 0 0 0 0 0 1 0 0 0 0 0 0 0 0 0 0 0 0 0 0 0 0 0 0 0 0 0 1 0 0 0 0 0 0 0
  0 0 0 0 1 0 0 0 0 0 0 0 0 0 0 0 0 0 0 1 0 0 1 0]]","[6, 28, 40, 55, 58]","[1, 7, 12, 17, 46, 53, 24]",[],Wed-08-11-2023,37
[39][M][readings/Wed-08-11-2023/2023-11-08T17-30-53],2024_super_B,"[[0 0 0 0 0 0 0 0 0 0 0 0 0 0 0 0 0 0 0 1 0 0 0 0 0 1 0 0 1 0 0 0 0 0 0 0
  0 0 0 0 0 0 1 0 0 0 0 1 0 0 0 0 0 0 0 0 0 0 0 0]]","[19, 25, 28, 42, 47]","[1, 7, 12, 17, 46, 53, 24]",[],Wed-08-11-2023,38
[40][M][readings/Sat-11-11-2023/2023-11-10T13-57-51],2024_super_B,"[[0 0 0 0 0 0 1 1 0 0 1 0 0 0 0 0 0 0 0 0 0 0 0 0 0 0 0 0 0 0 0 1 0 0 0 0
  0 0 0 0 0 0 0 0 0 0 0 0 0 0 0 0 0 0 0 0 1 0 0 0]]","[6, 7, 10, 31, 56]","[12, 26, 28, 34, 41, 42, 32]",[],Sat-11-11-2023,39
[41][M][readings/Sat-11-11-2023/2023-11-10T20-20-36],2024_super_B,"[[0 0 0 0 0 1 1 1 0 0 0 0 0 0 0 0 0 0 0 0 0 0 0 0 0 0 0 0 0 0 0 0 0 0 0 0
  0 0 1 0 0 0 0 0 0 0 0 0 0 0 0 0 0 0 0 0 0 0 1 0]]","[5, 6, 7, 38, 58]","[12, 26, 28, 34, 41, 42, 32]",[],Sat-11-11-2023,40
[42][M][readings/Wed-15-11-2023/2023-11-14T16-40-52],2024_super_B,"[[0 0 1 1 0 1 0 0 0 0 0 0 0 0 0 0 0 0 0 0 0 0 0 0 0 0 0 1 0 0 0 0 0 0 0 0
  0 0 0 0 0 0 0 0 0 0 0 0 0 0 0 0 0 0 0 0 0 0 1 0]]","[2, 3, 5, 27, 58]","[6, 7, 16, 33, 40, 55, 4]",[],Wed-15-11-2023,41
[43][M][readings/Wed-15-11-2023/2023-11-14T17-11-02],2024_super_B,"[[0 0 0 0 0 0 0 0 0 0 0 0 0 0 0 0 1 0 1 0 0 0 0 0 0 0 0 0 0 0 1 0 0 0 0 0
  0 0 0 0 0 0 0 0 0 0 0 1 0 1 0 0 0 0 0 0 0 0 0 0]]","[16, 18, 30, 47, 49]","[6, 7, 16, 33, 40, 55, 4]",[16],Wed-15-11-2023,42
[44][M][readings/Sat-18-11-2023/2023-11-17T12-15-52],2024_super_B,"[[0 0 0 0 0 0 1 0 0 1 0 0 0 0 0 0 0 0 0 0 0 0 0 0 0 0 0 0 1 0 0 0 0 0 0 0
  0 0 0 0 0 0 1 0 0 0 0 0 0 0 0 0 0 0 0 0 0 1 0 0]]","[6, 9, 28, 42, 57]","[3, 11, 22, 23, 32, 47, 56]",[],Sat-18-11-2023,43
[45][M][readings/Sat-18-11-2023/2023-11-17T12-29-13],2024_super_B,"[[0 0 1 0 0 1 0 0 0 0 0 0 0 0 0 0 0 0 0 1 0 0 0 0 0 0 0 0 0 0 0 0 0 0 0 0
  0 0 0 0 1 0 0 0 0 0 0 0 0 0 0 0 0 0 0 0 0 1 0 0]]","[2, 5, 19, 40, 57]","[3, 11, 22, 23, 32, 47, 56]",[],Sat-18-11-2023,44
[46][M][readings/Wed-22-11-2023/2023-11-21T15-40-45],2024_super_B,"[[0 0 0 0 0 0 0 0 0 0 0 0 0 0 0 0 0 0 0 0 0 1 0 0 1 0 0 1 0 0 0 0 0 0 0 0
  0 0 0 0 0 0 0 0 0 0 0 0 0 0 0 0 0 0 0 0 0 1 1 0]]","[21, 24, 27, 57, 58]","[9, 14, 26, 49, 55, 56, 28]",[],Wed-22-11-2023,45
[47][M][readings/Wed-22-11-2023/2023-11-21T16-05-10],2024_super_B,"[[0 0 0 0 0 0 0 0 0 0 1 0 0 0 1 0 0 0 0 0 0 0 0 0 0 0 1 0 0 0 0 0 0 0 0 0
  0 0 0 1 0 0 1 0 0 0 0 0 0 0 0 0 0 0 0 0 0 0 0 0]]","[10, 14, 26, 39, 42]","[9, 14, 26, 49, 55, 56, 28]","[14, 26]",Wed-22-11-2023,46
[48][M][readings/Sat-25-11-2023/2023-11-24T15-25-16],2024_super_B,"[[0 0 0 0 0 0 0 0 0 0 0 0 0 1 0 0 0 0 0 0 0 0 0 0 0 0 0 0 0 0 0 0 0 1 0 0
  0 0 0 0 0 0 0 0 0 0 0 1 0 0 0 0 0 0 0 0 0 1 1 0]]","[13, 33, 47, 57, 58]","[5, 9, 31, 34, 46, 48, 49]",[],Sat-25-11-2023,47
[49][M][readings/Sat-25-11-2023/2023-11-24T15-37-28],2024_super_B,"[[0 0 0 0 0 0 0 0 0 1 0 0 0 0 0 0 0 0 0 0 0 0 0 0 0 0 0 0 0 0 0 0 0 0 0 0
  0 0 0 1 1 0 0 0 0 1 0 0 0 0 0 0 0 0 0 0 0 0 1 0]]","[9, 39, 40, 45, 58]","[5, 9, 31, 34, 46, 48, 49]",[9],Sat-25-11-2023,48
[50][M][readings/Wed-29-11-2023/2023-11-28T00-55-50],2024_super_B,"[[0 0 0 0 0 0 0 0 0 0 0 0 0 0 0 0 0 0 0 0 0 0 0 0 1 0 0 1 0 0 0 0 0 1 0 0
  0 0 0 0 0 0 0 0 0 0 0 0 0 1 0 0 0 0 0 0 0 0 1 0]]","[24, 27, 33, 49, 58]","[19, 31, 35, 38, 42, 49, 13]",[49],Wed-29-11-2023,49
[51][M][readings/Wed-29-11-2023/2023-11-28T20-47-28],2024_super_B,"[[0 0 0 0 0 0 0 0 0 0 0 0 0 0 0 0 1 0 0 0 0 0 0 0 0 1 0 0 0 0 1 0 0 0 0 1
  0 0 0 0 0 0 0 0 0 0 0 0 0 0 0 0 0 0 0 0 0 0 1 0]]","[16, 25, 30, 35, 58]","[19, 31, 35, 38, 42, 49, 13]",[35],Wed-29-11-2023,50
[52][M][readings/Sat-02-12-2023/2023-11-30T21-55-41],2024_super_B,"[[0 0 0 1 0 0 0 0 0 0 0 0 0 0 0 0 0 0 0 1 0 0 0 0 0 0 0 0 0 0 0 0 0 0 0 0
  0 0 1 0 0 0 0 0 0 0 0 0 0 0 0 0 0 0 1 0 0 1 0 0]]","[3, 19, 38, 54, 57]","[2, 4, 11, 23, 26, 33, 40]",[],Sat-02-12-2023,51
[53][M][readings/Sat-02-12-2023/2023-11-30T22-09-43],2024_super_B,"[[0 0 0 0 0 0 1 0 0 0 0 0 0 0 0 0 0 0 0 0 0 0 0 0 0 0 0 0 0 0 0 0 0 0 0 0
  0 0 1 0 1 0 0 1 0 0 0 0 0 1 0 0 0 0 0 0 0 0 0 0]]","[6, 38, 40, 43, 49]","[2, 4, 11, 23, 26, 33, 40]",[40],Sat-02-12-2023,52
[54][M][readings/Wed-06-12-2023/2023-12-05T18-55-32],2024_super_B,"[[0 0 0 0 0 0 0 0 0 0 0 0 0 0 0 0 0 0 0 0 0 0 0 0 0 0 0 1 0 1 1 0 0 0 0 0
  0 0 0 0 0 0 0 0 0 0 0 0 0 0 0 0 0 0 0 0 0 1 1 0]]","[27, 29, 30, 57, 58]","[2, 3, 6, 22, 43, 55, 47]",[],Wed-06-12-2023,53
[55][M][readings/Wed-06-12-2023/2023-12-05T19-09-18],2024_super_B,"[[0 0 0 0 0 0 1 0 0 1 0 0 0 0 0 0 0 0 0 0 0 0 0 0 0 0 0 0 0 0 0 0 0 0 0 0
  0 0 1 1 0 0 0 0 0 0 0 0 0 0 0 0 0 0 0 0 0 0 1 0]]","[6, 9, 38, 39, 58]","[2, 3, 6, 22, 43, 55, 47]",[6],Wed-06-12-2023,54
[56][M][readings/Sat-09-12-2023/2023-12-08T15-09-32],2024_super_B,"[[0 0 0 0 0 0 0 0 1 0 0 0 0 0 0 1 0 0 0 0 0 0 0 0 1 0 0 0 0 0 0 0 0 0 0 0
  0 0 0 0 0 0 0 0 0 0 0 1 0 0 0 0 0 0 0 0 1 0 0 0]]","[8, 15, 24, 47, 56]","[15, 27, 33, 44, 46, 59, 30]",[15],Sat-09-12-2023,55
[57][M][readings/Sat-09-12-2023/2023-12-08T15-22-10],2024_super_B,"[[0 0 0 0 0 0 1 0 0 0 0 0 0 0 0 0 0 0 0 0 0 0 0 0 0 0 0 0 0 0 1 0 0 0 0 0
  0 0 1 0 1 0 0 0 0 0 0 0 0 0 0 0 0 0 0 0 0 0 1 0]]","[6, 30, 38, 40, 58]","[15, 27, 33, 44, 46, 59, 30]",[30],Sat-09-12-2023,56
[58][M][readings/Wed-13-12-2023/2023-12-12T15-10-48],2024_super_B,"[[0 0 0 0 0 0 0 0 1 0 0 0 0 0 0 0 0 0 0 1 0 0 0 0 0 0 0 0 0 0 1 0 0 1 0 0
  0 0 0 0 0 0 0 0 0 0 0 0 0 0 0 0 0 0 0 0 0 1 0 0]]","[8, 19, 30, 33, 57]","[10, 28, 31, 34, 43, 48, 57]",[57],Wed-13-12-2023,57
[59][M][readings/Wed-13-12-2023/2023-12-12T15-23-00],2024_super_B,"[[0 0 0 0 0 0 1 0 0 0 0 0 0 0 0 0 0 0 0 0 0 0 0 0 0 0 0 0 0 0 0 0 0 0 0 0
  1 0 0 1 0 0 1 0 0 0 0 0 0 0 0 0 0 0 0 0 0 0 1 0]]","[6, 36, 39, 42, 58]","[10, 28, 31, 34, 43, 48, 57]",[],Wed-13-12-2023,58
[60][M][readings/Sat-16-12-2023/2023-12-15T15-16-25],2024_super_B,"[[0 0 0 0 0 0 1 0 0 0 0 0 0 0 0 0 0 0 0 0 0 0 0 0 0 0 0 0 0 0 1 0 0 0 0 0
  0 0 0 0 0 0 0 0 0 0 0 0 0 0 0 0 0 0 0 0 1 1 1 0]]","[6, 30, 56, 57, 58]","[4, 12, 23, 30, 50, 56, 8]","[30, 56]",Sat-16-12-2023,59
[61][M][readings/Sat-16-12-2023/2023-12-15T15-39-06],2024_super_B,"[[0 0 0 0 0 0 0 0 1 0 1 0 0 0 0 0 0 0 0 0 0 0 0 0 0 0 0 0 0 0 0 0 0 0 0 1
  0 0 0 0 0 0 0 0 0 0 0 0 0 1 0 0 0 0 0 0 0 0 1 0]]","[8, 10, 35, 49, 58]","[4, 12, 23, 30, 50, 56, 8]",[8],Sat-16-12-2023,60
[62][M][readings/Wed-20-12-2023/2023-12-19T23-16-47],2024_super_B,"[[0 0 0 0 0 0 0 1 1 0 0 0 0 0 0 0 0 0 0 0 0 0 0 0 0 0 0 0 0 0 1 0 0 0 0 0
  0 0 0 0 1 0 0 0 0 0 0 0 0 0 0 0 0 0 0 0 0 0 1 0]]","[7, 8, 30, 40, 58]","[4, 8, 11, 46, 50, 53, 16]",[8],Wed-20-12-2023,61
[63][M][readings/Wed-20-12-2023/2023-12-19T23-31-16],2024_super_B,"[[0 0 0 0 0 0 1 1 0 0 0 0 0 0 0 0 1 0 0 0 0 0 0 0 0 0 0 0 1 0 0 0 0 0 0 0
  0 0 0 0 0 0 0 0 0 0 0 0 0 0 0 0 0 0 0 0 0 0 1 0]]","[6, 7, 16, 28, 58]","[4, 8, 11, 46, 50, 53, 16]",[16],Wed-20-12-2023,62
[64][M][readings/Sat-23-12-2023/2023-12-23T10-10-28],2024_super_B,"[[0 0 0 0 0 0 1 0 0 0 0 0 0 0 0 0 0 0 1 0 0 0 0 0 1 0 0 0 0 0 0 0 0 0 0 0
  0 0 0 0 1 0 0 0 0 0 0 0 0 1 0 0 0 0 0 0 0 0 0 0]]","[6, 18, 24, 40, 49]","[17, 29, 31, 40, 47, 56, 44]",[40],Sat-23-12-2023,63
[65][M][readings/Sat-23-12-2023/2023-12-23T10-22-45],2024_super_B,"[[0 0 0 0 0 0 0 0 0 0 0 0 0 0 0 0 0 0 0 0 0 0 0 0 0 0 0 0 0 0 0 1 0 0 0 0
  0 0 0 1 0 0 0 0 0 1 0 0 0 0 0 0 0 0 0 0 0 1 1 0]]","[31, 39, 45, 57, 58]","[17, 29, 31, 40, 47, 56, 44]",[31],Sat-23-12-2023,64
[66][M][readings/Sat-30-12-2023/2023-12-30T12-09-49],2024_super_B,"[[0 0 0 0 0 1 0 0 0 0 0 0 0 0 0 0 0 0 0 0 0 0 0 0 0 0 0 0 0 1 1 0 0 0 0 0
  0 0 0 1 0 0 0 0 0 0 0 0 0 0 0 0 0 0 0 1 0 0 0 0]]","[5, 29, 30, 39, 55]","[15, 26, 29, 37, 49, 53, 38]",[29],Sat-30-12-2023,65
[67][M][readings/Sat-30-12-2023/2023-12-30T12-25-42],2024_super_B,"[[0 0 0 1 0 0 1 0 0 0 0 0 0 0 0 0 0 0 0 0 0 0 0 0 0 0 0 0 0 0 1 0 0 0 0 0
  0 0 0 0 0 0 0 0 0 0 0 0 0 0 0 1 0 0 0 0 0 0 1 0]]","[3, 6, 30, 51, 58]","[15, 26, 29, 37, 49, 53, 38]",[],Sat-30-12-2023,66
[68][M][readings/Wed-03-01-2024/2024-01-03T19-10-45],2024_super_B,"[[0 0 0 0 0 0 1 1 0 0 0 0 0 0 0 0 0 0 0 0 0 0 0 0 0 0 0 0 0 0 0 1 0 0 0 0
  0 0 1 0 0 0 0 0 0 0 0 0 0 0 0 0 0 0 0 0 0 1 0 0]]","[6, 7, 31, 38, 57]","[1, 5, 19, 27, 38, 59, 55]",[38],Wed-03-01-2024,67
[69][M][readings/Wed-03-01-2024/2024-01-03T19-25-51],2024_super_B,"[[0 0 0 0 0 0 0 1 1 0 0 0 0 0 0 0 0 0 0 0 0 0 0 0 0 0 0 0 0 0 0 0 0 0 0 0
  0 1 0 1 0 0 0 0 0 0 0 0 0 1 0 0 0 0 0 0 0 0 0 0]]","[7, 8, 37, 39, 49]","[1, 5, 19, 27, 38, 59, 55]",[],Wed-03-01-2024,68
[70][A][readings/Sat-06-01-2024/2024-01-06T13-21-22],2024_super_B,"[[0 0 0 0 0 0 1 0 0 0 0 0 0 0 0 0 0 0 0 0 0 0 0 0 0 0 0 0 0 0 1 0 0 0 0 1
  0 0 0 0 0 0 0 0 0 0 0 1 0 0 0 0 0 1 0 0 0 0 0 0]]","[6, 30, 35, 47, 53]","[2, 23, 38, 43, 53, 54, 41]",[53],Sat-06-01-2024,69
[71][M][readings/Sat-06-01-2024/2024-01-06T13-33-56],2024_super_B,"[[0 0 0 0 0 0 0 0 1 0 0 0 0 0 0 0 0 0 0 1 0 0 0 0 1 0 0 0 0 0 0 0 0 0 0 1
  0 0 0 0 0 0 0 0 0 0 0 0 0 0 0 0 0 0 0 0 0 0 1 0]]","[8, 19, 24, 35, 58]","[2, 23, 38, 43, 53, 54, 41]",[],Sat-06-01-2024,70
[72][L][readings/Wed-10-01-2024/2024-01-09T03-31-18],2024_super_B,"[[0 0 0 0 0 0 1 0 0 0 0 0 0 0 0 0 0 0 0 0 0 0 0 0 0 0 0 0 0 0 0 0 0 0 0 0
  0 0 0 0 1 0 0 0 0 0 1 0 0 0 0 0 0 0 1 0 0 0 1 0]]","[6, 40, 46, 54, 58]","[1, 5, 15, 25, 45, 53, 2]",[],Wed-10-01-2024,71
[73][N][readings/Sat-10-02-2024/2024-02-04T14-08-09],2024_super_B,"[[0 0 0 0 0 0 1 1 0 0 0 0 0 0 0 0 0 0 0 1 0 0 0 0 0 0 0 0 0 0 0 1 0 0 0 0
  0 0 0 0 0 0 0 0 0 0 0 0 0 0 0 0 0 0 0 0 0 0 1 0]]","[6, 7, 19, 31, 58]","[4, 19, 24, 29, 43, 53, 34]",[19],Sat-10-02-2024,72
[74][N][readings/Sat-24-02-2024/2024-02-18T15-06-46],2024_super_B,"[[0 0 0 0 0 0 0 0 0 0 1 0 0 0 0 0 1 0 0 0 0 0 0 0 0 0 1 0 0 0 0 0 0 0 0 0
  0 0 0 0 0 0 0 0 0 0 0 0 0 0 0 0 0 0 0 0 0 1 1 0]]","[10, 16, 26, 57, 58]","[3, 4, 11, 20, 36, 56, 28]",[],Sat-24-02-2024,73
[75][M][readings/Sat-24-02-2024/2024-02-18T15-20-37],2024_super_B,"[[0 0 0 0 0 0 1 0 0 0 0 0 0 0 0 0 1 0 0 0 0 0 0 0 0 0 0 0 0 0 1 0 0 0 0 0
  0 0 1 0 0 0 0 0 0 0 1 0 0 0 0 0 0 0 0 0 0 0 0 0]]","[6, 16, 30, 38, 46]","[3, 4, 11, 20, 36, 56, 28]",[],Sat-24-02-2024,74
[76][N][readings/Sat-24-02-2024/2024-02-18T15-42-05],2024_super_B,"[[0 0 0 0 0 1 0 0 0 0 0 0 0 0 0 0 0 0 0 0 0 0 0 0 0 0 0 0 0 0 0 0 0 1 0 1
  0 0 0 0 0 0 0 0 0 0 0 0 0 0 0 0 0 0 0 0 0 1 1 0]]","[5, 33, 35, 57, 58]","[3, 4, 11, 20, 36, 56, 28]",[],Sat-24-02-2024,75
[77][C][readings/Wed-28-02-2024/2024-02-25T16-50-32],2024_super_B,"[[0 0 0 0 0 0 0 0 0 0 0 0 0 0 0 0 0 0 0 0 0 0 0 0 0 1 0 0 1 0 0 0 0 0 0 0
  0 0 0 0 1 0 0 0 0 0 0 0 0 1 0 0 0 0 0 0 0 0 1 0]]","[25, 28, 40, 49, 58]","[12, 21, 39, 44, 45, 50, 51]",[],Wed-28-02-2024,76
[78][M][readings/Wed-28-02-2024/2024-02-25T22-50-30],2024_super_B,"[[0 0 0 0 0 0 0 0 0 0 0 0 0 0 0 0 0 0 0 0 0 0 0 0 0 0 0 0 1 0 0 0 0 1 0 0
  1 0 0 0 0 0 0 0 0 0 0 0 0 0 0 0 0 0 0 0 0 1 1 0]]","[28, 33, 36, 57, 58]","[12, 21, 39, 44, 45, 50, 51]",[],Wed-28-02-2024,77
[79][M][readings/Sat-02-03-2024/2024-03-02T17-46-51],2024_super_B,"[[0 0 0 1 0 0 0 0 0 0 0 0 0 0 0 0 0 0 0 0 0 0 0 0 0 0 0 1 0 0 0 0 1 0 0 0
  0 0 0 1 0 0 0 0 0 0 0 0 0 0 0 0 0 0 0 0 0 1 0 0]]","[3, 27, 32, 39, 57]","[2, 20, 34, 40, 48, 59, 6]",[],Sat-02-03-2024,78
[80][M][readings/Wed-06-03-2024/2024-03-06T16-51-06],2024_super_B,"[[0 0 0 0 0 0 0 0 0 0 0 0 0 1 0 0 0 0 0 0 1 0 0 0 0 0 0 0 0 0 0 0 0 0 0 0
  1 0 0 1 0 0 0 0 0 0 0 0 0 0 0 0 0 0 0 0 0 0 1 0]]","[13, 20, 36, 39, 58]","[7, 11, 32, 37, 48, 58, 28]",[58],Wed-06-03-2024,79
[81][M][readings/Wed-13-03-2024/2024-03-13T18-59-03],2024_super_B,"[[0 0 0 0 0 0 0 0 0 0 0 0 0 0 0 0 0 0 0 0 0 0 0 0 0 0 0 0 1 0 0 0 0 0 1 0
  0 0 0 0 0 0 0 0 0 1 0 0 0 0 0 0 0 0 0 1 0 0 1 0]]","[28, 34, 45, 55, 58]","[24, 26, 28, 34, 35, 37, 48]","[28, 34]",Wed-13-03-2024,80
[82][N][readings/Wed-20-03-2024/2024-03-19T16-05-21],2024_super_B,"[[0 0 0 0 0 0 1 0 1 0 0 0 0 0 0 0 0 0 0 0 0 0 0 0 0 0 0 0 0 0 1 0 0 1 0 0
  0 0 0 0 0 0 0 0 0 0 0 0 0 0 0 0 0 0 0 0 0 0 1 0]]","[6, 8, 30, 33, 58]","[8, 10, 14, 25, 29, 35, 32]",[8],Wed-20-03-2024,81
[83][N][readings/Sat-23-03-2024/2024-03-23T13-38-26],2024_super_B,"[[0 0 0 0 0 0 0 0 0 0 0 0 0 0 0 0 0 0 0 0 0 0 0 1 0 0 0 0 0 0 0 0 0 0 0 0
  0 0 0 0 0 0 0 1 0 0 0 0 0 0 1 1 0 0 0 0 0 1 0 0]]","[23, 43, 50, 51, 57]","[7, 15, 41, 43, 45, 50, 28]","[43, 50]",Sat-23-03-2024,82
[84][M][readings/Sat-23-03-2024/2024-03-23T15-42-04],2024_super_B,"[[0 0 0 1 0 0 0 0 0 0 0 0 0 0 0 0 0 0 1 0 0 0 0 0 0 0 0 0 0 0 1 0 0 0 0 0
  0 0 0 0 0 0 0 0 0 0 0 0 0 0 0 0 0 0 0 0 0 1 1 0]]","[3, 18, 30, 57, 58]","[7, 15, 41, 43, 45, 50, 28]",[],Sat-23-03-2024,83
[85][N][readings/Sat-30-03-2024/2024-03-24T14-39-07],2024_super_B,"[[0 0 0 0 0 0 0 0 0 0 0 0 0 0 0 0 1 0 0 0 0 0 0 0 0 0 0 0 0 0 0 0 0 0 0 1
  0 0 0 0 0 0 1 1 0 0 0 0 0 0 0 0 0 0 1 0 0 0 0 0]]","[16, 35, 42, 43, 54]","[15, 16, 19, 37, 49, 51, 17]",[16],Sat-30-03-2024,84
[86][C][readings/Sat-30-03-2024/2024-03-24T14-55-49],2024_super_B,"[[0 0 0 0 0 0 0 0 0 0 1 0 0 0 0 0 0 0 0 0 0 0 0 0 0 0 1 0 0 1 0 0 0 0 0 0
  0 0 0 1 0 0 0 0 0 0 0 0 0 0 0 0 0 0 0 0 0 0 1 0]]","[10, 26, 29, 39, 58]","[15, 16, 19, 37, 49, 51, 17]",[],Sat-30-03-2024,85
[87][N][readings/Sat-30-03-2024/2024-03-28T14-35-35],2024_super_B,"[[0 0 0 0 0 1 0 0 0 0 0 0 0 0 0 0 0 0 0 0 0 0 0 0 0 0 0 0 0 0 0 0 0 0 0 0
  0 0 0 0 1 1 0 0 0 0 0 0 0 0 0 0 1 0 0 0 0 0 1 0]]","[5, 40, 41, 52, 58]","[15, 16, 19, 37, 49, 51, 17]",[],Sat-30-03-2024,86
[88][M][readings/Sat-30-03-2024/2024-03-30T12-30-42],2024_super_B,"[[0 0 0 0 0 0 0 0 0 0 0 0 0 0 0 0 0 0 0 1 0 0 0 0 0 1 0 0 0 0 0 0 0 0 0 1
  0 0 0 0 1 0 0 0 0 0 0 0 0 0 0 0 0 0 1 0 0 0 0 0]]","[19, 25, 35, 40, 54]","[15, 16, 19, 37, 49, 51, 17]",[19],Sat-30-03-2024,87
[89][M][readings/Sat-30-03-2024/2024-03-30T12-44-53],2024_super_B,"[[0 0 0 0 0 0 1 0 0 1 0 0 0 0 0 0 0 0 0 0 0 0 0 0 0 0 0 0 0 0 0 0 0 0 0 0
  0 0 0 0 1 0 0 0 0 0 0 0 0 0 0 0 1 0 0 0 0 0 1 0]]","[6, 9, 40, 52, 58]","[15, 16, 19, 37, 49, 51, 17]",[],Sat-30-03-2024,88
[90][M][readings/Sat-30-03-2024/2024-03-30T12-58-00],2024_super_B,"[[0 0 0 0 0 0 1 0 0 0 0 0 0 0 0 0 0 0 0 0 0 0 0 0 0 0 0 0 0 0 1 0 0 0 0 1
  0 0 0 0 1 0 0 0 0 0 0 0 0 1 0 0 0 0 0 0 0 0 0 0]]","[6, 30, 35, 40, 49]","[15, 16, 19, 37, 49, 51, 17]",[49],Sat-30-03-2024,89
[91][N][readings/Sat-15-06-2024/2024-06-09T14-45-20],2024_super_B,"[[0 0 0 1 0 0 1 0 0 0 0 0 0 0 0 0 0 0 0 0 0 0 0 0 0 0 0 0 0 0 1 0 0 0 0 0
  0 0 0 0 0 0 0 0 0 0 0 1 0 0 0 0 0 0 0 0 0 0 1 0]]","[3, 6, 30, 47, 58]","[1, 9, 25, 29, 34, 39, 22]",[],Sat-15-06-2024,90
[92][C][readings/Sat-15-06-2024/2024-06-09T15-05-45],2024_super_B,"[[0 0 0 0 0 0 0 0 0 0 0 1 0 0 0 0 0 0 0 0 0 0 0 0 0 1 0 0 0 0 1 0 0 0 0 0
  0 0 0 0 0 0 0 1 0 0 0 0 1 0 0 0 0 0 0 0 0 0 0 0]]","[11, 25, 30, 43, 48]","[1, 9, 25, 29, 34, 39, 22]",[25],Sat-15-06-2024,91
[93][C][readings/Sat-22-06-2024/2024-06-20T19-29-31],2024_super_B,"[[0 0 0 0 0 0 0 0 0 0 0 0 0 1 0 0 0 0 0 1 0 0 0 0 0 0 0 0 0 0 1 0 0 0 0 0
  0 0 0 1 0 0 0 0 0 0 0 0 0 0 0 0 0 0 0 0 0 0 1 0]]","[13, 19, 30, 39, 58]","[5, 9, 18, 32, 44, 58, 34]",[58],Sat-22-06-2024,92
[94][N][readings/Sat-22-06-2024/2024-06-21T18-31-38],2024_super_B,"[[0 0 0 0 0 0 0 0 0 0 1 0 0 0 0 0 1 0 0 0 0 0 0 0 0 0 1 0 0 0 0 0 0 0 0 0
  0 0 1 0 0 0 0 0 0 0 0 0 0 0 0 0 0 0 0 0 0 1 0 0]]","[10, 16, 26, 38, 57]","[5, 9, 18, 32, 44, 58, 34]",[],Sat-22-06-2024,93
[95][MNC][readings/Sat-13-07-2024/2024-07-12T17-59-53],2024_super_B,"[[0 0 0 0 0 0 0 0 0 0 0 0 0 0 0 0 0 0 0 0 0 0 0 0 0 0 0 0 0 0 1 0 0 0 0 1
  0 0 0 0 0 0 0 0 0 0 1 1 0 0 0 0 0 0 0 0 0 0 1 0]]","[30, 35, 46, 47, 58]","[22, 27, 37, 38, 49, 51, 59]",[],Sat-13-07-2024,94
[2][C][readings/Sat-16-09-2023/2023-09-16T16-29-21],Magic,"[[0 0 0 0 0 0 0 1 0 1 0 0 0 0 0 0 0 0 0 0 0 0 0 0 0 0 0 0 0 0 0 0 0 0 0 0
  0 0 0 0 0 0 0 1 0 0 0 0 1 0 0 0 1 0 0 0 0 0 0 0]]","[7, 9, 43, 48, 52]","[7, 17, 22, 24, 31, 59, 50]",[7],Sat-16-09-2023,1
[3][M][readings/Sat-16-09-2023/2023-09-16T17-39-19],Magic,"[[0 0 0 0 0 0 0 0 0 0 0 0 0 0 0 0 0 0 0 0 0 0 0 0 0 0 0 0 1 0 0 0 0 0 0 0
  1 0 1 0 0 0 0 0 0 0 1 1 0 0 0 0 0 0 0 0 0 0 0 0]]","[28, 36, 38, 46, 47]","[7, 17, 22, 24, 31, 59, 50]",[],Sat-16-09-2023,2
[4][N][readings/Wed-20-09-2023/2023-09-17T15-26-43],Magic,"[[0 0 0 0 0 0 0 0 0 0 0 0 0 0 0 1 0 0 0 0 0 0 0 0 0 1 0 0 0 0 0 0 0 0 0 1
  0 0 0 0 0 0 1 0 0 0 0 0 0 0 0 0 0 0 0 0 0 0 1 0]]","[15, 25, 35, 42, 58]","[9, 18, 34, 37, 42, 52, 50]",[42],Wed-20-09-2023,3
[5][C][readings/Wed-20-09-2023/2023-09-17T15-52-21],Magic,"[[0 0 0 0 0 0 0 0 0 1 0 0 0 0 0 0 0 0 0 0 0 0 0 1 1 0 0 0 0 0 0 0 0 0 0 0
  0 0 0 0 0 0 0 0 0 0 0 0 0 0 0 1 0 0 0 0 0 0 1 0]]","[9, 23, 24, 51, 58]","[9, 18, 34, 37, 42, 52, 50]",[9],Wed-20-09-2023,4
[6][A][readings/Wed-20-09-2023/2023-09-17T18-39-31],Magic,"[[0 0 0 0 0 0 0 0 0 0 0 0 0 0 0 0 0 0 0 0 0 0 0 0 0 0 1 0 1 0 0 0 0 0 0 0
  0 0 1 0 0 0 1 0 0 0 0 0 0 0 0 0 0 0 0 0 0 0 1 0]]","[26, 28, 38, 42, 58]","[9, 18, 34, 37, 42, 52, 50]",[42],Wed-20-09-2023,5
[7][M][readings/Wed-27-09-2023/2023-09-26T13-36-10],Magic,"[[0 0 0 1 0 1 0 0 0 0 1 0 0 0 0 0 0 0 0 0 0 0 0 0 0 0 0 0 0 0 0 0 1 0 0 0
  0 1 0 0 0 0 0 0 0 0 0 0 0 0 0 0 0 0 0 0 0 0 0 0]]","[3, 5, 10, 32, 37]","[8, 10, 11, 20, 31, 44, 28]",[10],Wed-27-09-2023,6
[8][A][readings/Wed-27-09-2023/2023-09-23T14-52-01],Magic,"[[0 0 0 1 0 0 0 0 0 0 0 0 0 0 0 0 0 0 0 1 1 0 0 0 0 0 0 0 0 0 0 0 0 0 0 0
  0 0 0 0 0 0 0 0 0 0 1 0 0 0 0 0 0 0 0 0 0 1 0 0]]","[3, 19, 20, 46, 57]","[8, 10, 11, 20, 31, 44, 28]",[20],Wed-27-09-2023,7
[9][A][readings/Sat-30-09-2023/2023-09-24T14-21-54],Magic,"[[0 0 0 0 0 0 0 0 0 0 0 0 0 0 0 0 0 0 0 0 0 0 0 0 0 0 0 0 0 0 1 0 0 0 0 0
  0 0 0 0 1 0 0 0 0 0 0 1 0 0 0 0 0 1 0 0 0 0 1 0]]","[30, 40, 47, 53, 58]","[1, 8, 14, 20, 24, 40, 52]",[40],Sat-30-09-2023,8
[10][N_O][readings/Sat-30-09-2023/2023-09-24T15-16-29],Magic,"[[0 0 0 0 0 0 1 0 0 0 0 0 0 0 0 0 0 0 0 0 0 0 0 0 0 0 1 0 0 0 0 0 0 0 0 0
  0 0 0 0 0 0 0 0 0 0 1 0 0 0 1 1 0 0 0 0 0 0 0 0]]","[6, 26, 46, 50, 51]","[1, 8, 14, 20, 24, 40, 52]",[],Sat-30-09-2023,9
[11][C_O][readings/Sat-30-09-2023/2023-09-24T15-43-16],Magic,"[[0 0 0 0 0 1 0 0 0 0 0 0 0 0 0 0 0 0 0 0 0 0 0 0 1 0 0 0 0 0 0 0 0 0 0 0
  0 0 0 0 0 0 0 0 0 1 0 0 0 0 0 0 1 0 0 0 0 0 1 0]]","[5, 24, 45, 52, 58]","[1, 8, 14, 20, 24, 40, 52]","[24, 52]",Sat-30-09-2023,10
[12][N_N][readings/Sat-30-09-2023/2023-09-29T18-34-28],Magic,"[[0 0 0 0 0 0 1 0 0 1 0 0 0 0 0 0 0 0 0 0 0 0 0 0 0 0 0 0 1 0 1 0 0 0 1 0
  0 0 0 0 0 0 0 0 0 0 0 0 0 0 0 0 0 0 0 0 0 0 0 0]]","[6, 9, 28, 30, 34]","[1, 8, 14, 20, 24, 40, 52]",[],Sat-30-09-2023,11
[13][C_N][readings/Sat-30-09-2023/2023-09-29T17-06-27],Magic,"[[0 0 0 0 1 0 0 0 0 0 0 0 0 0 0 0 0 0 0 0 0 0 0 0 0 1 0 0 0 1 1 0 0 0 0 0
  0 0 0 0 0 0 0 0 0 1 0 0 0 0 0 0 0 0 0 0 0 0 0 0]]","[4, 25, 29, 30, 45]","[1, 8, 14, 20, 24, 40, 52]",[],Sat-30-09-2023,12
[14][A][readings/Wed-04-10-2023/2023-10-01T14-41-53],Magic,"[[0 0 0 0 0 0 0 0 0 0 1 1 0 0 0 0 0 0 0 0 0 0 0 0 0 0 0 0 0 0 0 0 0 0 0 0
  0 0 1 1 1 0 0 0 0 0 0 0 0 0 0 0 0 0 0 0 0 0 0 0]]","[10, 11, 38, 39, 40]","[3, 8, 37, 42, 53, 55, 46]",[],Wed-04-10-2023,13
[15][N][readings/Wed-04-10-2023/2023-10-01T15-36-03],Magic,"[[0 0 1 1 0 0 0 0 0 0 0 0 0 0 0 0 0 0 0 0 0 0 0 0 0 0 0 0 0 0 0 1 0 0 0 0
  0 0 0 0 0 1 0 1 0 0 0 0 0 0 0 0 0 0 0 0 0 0 0 0]]","[2, 3, 31, 41, 43]","[3, 8, 37, 42, 53, 55, 46]",[3],Wed-04-10-2023,14
[16][C][readings/Wed-04-10-2023/2023-10-01T15-55-25],Magic,"[[0 0 0 0 0 0 0 0 0 0 0 0 0 1 0 0 0 0 0 0 0 0 0 0 0 0 0 0 0 1 0 0 0 0 0 0
  0 0 0 1 0 0 0 0 0 1 0 0 0 0 0 0 0 0 0 0 0 0 1 0]]","[13, 29, 39, 45, 58]","[3, 8, 37, 42, 53, 55, 46]",[],Wed-04-10-2023,15
[17][C][readings/Sat-07-10-2023/2023-10-05T16-28-38],Magic,"[[0 0 0 0 0 0 0 0 0 0 1 0 0 0 0 0 0 0 0 0 0 0 0 0 0 0 0 0 1 0 0 0 0 0 0 0
  1 0 0 0 0 0 0 0 0 0 0 1 0 0 0 0 0 1 0 0 0 0 0 0]]","[10, 28, 36, 47, 53]","[10, 16, 20, 22, 47, 52, 26]","[10, 47]",Sat-07-10-2023,16
[18][M][readings/Sat-07-10-2023/2023-10-06T22-34-23],Magic,"[[0 0 0 0 1 0 0 0 0 0 0 0 0 0 0 0 0 0 0 0 0 0 0 0 0 1 0 0 0 0 0 0 0 0 0 0
  0 0 0 0 1 0 0 0 0 1 0 0 0 1 0 0 0 0 0 0 0 0 0 0]]","[4, 25, 40, 45, 49]","[10, 16, 20, 22, 47, 52, 26]",[],Sat-07-10-2023,17
[19][A][readings/Wed-11-10-2023/2023-10-08T15-07-11],Magic,"[[0 0 0 0 0 0 0 0 0 0 1 0 0 0 0 0 0 0 1 0 0 0 0 0 0 0 1 0 0 0 0 0 0 0 0 0
  0 0 1 0 0 0 0 0 0 0 1 0 0 0 0 0 0 0 0 0 0 0 0 0]]","[10, 18, 26, 38, 46]","[3, 8, 15, 18, 23, 25, 58]",[18],Wed-11-10-2023,18
[20][N][readings/Wed-11-10-2023/2023-10-08T15-57-38],Magic,"[[0 0 0 0 0 0 0 0 0 1 0 0 0 0 0 0 0 0 0 0 0 0 0 0 0 0 0 0 1 0 1 0 0 0 0 0
  0 0 0 0 0 0 0 0 0 1 0 0 0 0 0 0 0 0 1 0 0 0 0 0]]","[9, 28, 30, 45, 54]","[3, 8, 15, 18, 23, 25, 58]",[],Wed-11-10-2023,19
[21][M][readings/Wed-11-10-2023/2023-10-11T12-49-22],Magic,"[[0 0 0 0 1 0 0 0 0 0 0 0 0 0 0 0 0 0 0 0 0 0 0 0 0 1 0 0 1 0 0 0 0 0 0 0
  0 0 0 0 1 0 0 0 0 0 0 0 0 0 0 0 0 0 0 0 1 0 0 0]]","[4, 25, 28, 40, 56]","[3, 8, 15, 18, 23, 25, 58]",[25],Wed-11-10-2023,20
[22][M][readings/Sat-14-10-2023/2023-10-14T14-29-11],Magic,"[[0 0 0 0 0 0 0 0 0 0 0 0 0 0 0 0 0 0 0 1 1 0 0 0 0 0 0 0 0 1 0 0 0 0 0 1
  0 0 0 0 0 0 0 0 0 0 0 0 0 0 0 0 0 0 0 0 0 0 1 0]]","[19, 20, 29, 35, 58]","[4, 27, 28, 31, 51, 57, 48]",[],Sat-14-10-2023,21
[23][M][readings/Sat-14-10-2023/2023-10-14T18-07-31],Magic,"[[0 0 0 0 0 0 0 0 0 0 1 0 0 1 0 0 0 0 1 0 0 0 0 0 0 0 0 0 0 0 0 0 0 0 0 0
  0 0 1 0 0 0 0 0 0 0 1 0 0 0 0 0 0 0 0 0 0 0 0 0]]","[10, 13, 18, 38, 46]","[4, 27, 28, 31, 51, 57, 48]",[],Sat-14-10-2023,22
[24][A][readings/Wed-18-10-2023/2023-10-15T14-05-32],Magic,"[[0 0 0 0 0 0 0 0 0 0 0 0 0 0 0 0 0 0 1 1 0 0 0 0 0 0 0 0 0 0 0 0 0 0 0 1
  0 0 1 0 0 0 0 0 0 0 0 0 0 0 0 0 0 0 0 0 0 0 1 0]]","[18, 19, 35, 38, 58]","[6, 7, 8, 20, 34, 48, 38]",[38],Wed-18-10-2023,23
[25][C][readings/Wed-18-10-2023/2023-10-15T15-02-00],Magic,"[[0 0 0 0 0 0 0 0 0 1 0 0 0 0 0 0 0 0 0 0 0 0 0 0 0 0 0 0 0 0 0 0 0 0 0 0
  0 0 0 0 0 0 1 0 0 1 0 1 0 0 0 0 0 0 0 0 0 0 1 0]]","[9, 42, 45, 47, 58]","[6, 7, 8, 20, 34, 48, 38]",[],Wed-18-10-2023,24
[26][N][readings/Wed-18-10-2023/2023-10-15T15-20-04],Magic,"[[0 0 0 0 0 0 0 0 0 1 0 0 0 0 0 0 0 0 0 0 0 0 0 0 0 0 0 0 0 0 0 0 0 0 0 0
  0 0 0 0 1 0 0 1 0 0 1 0 0 0 0 0 0 0 0 0 0 0 1 0]]","[9, 40, 43, 46, 58]","[6, 7, 8, 20, 34, 48, 38]",[],Wed-18-10-2023,25
[27][M][readings/Sat-21-10-2023/2023-10-20T11-23-42],Magic,"[[0 0 0 1 0 0 0 0 0 0 0 0 0 1 0 1 0 0 0 0 0 0 0 0 0 0 0 0 0 0 0 0 0 0 0 0
  0 0 0 0 0 0 0 0 0 0 1 0 0 0 0 0 0 0 0 0 0 0 1 0]]","[3, 13, 15, 46, 58]","[14, 15, 26, 37, 43, 54, 6]",[15],Sat-21-10-2023,26
[28][M][readings/Sat-21-10-2023/2023-10-20T11-36-26],Magic,"[[0 0 0 0 0 0 0 1 0 0 0 0 1 0 0 0 0 0 0 0 0 0 0 0 0 0 0 0 0 1 0 0 0 0 0 0
  1 0 0 0 0 0 0 0 0 1 0 0 0 0 0 0 0 0 0 0 0 0 0 0]]","[7, 12, 29, 36, 45]","[14, 15, 26, 37, 43, 54, 6]",[],Sat-21-10-2023,27
[29][M][readings/Wed-25-10-2023/2023-10-24T18-59-05],Magic,"[[0 0 0 0 0 0 0 1 0 0 0 0 0 0 0 0 0 0 1 0 0 0 0 0 0 0 1 0 0 0 0 0 0 0 0 0
  1 0 0 0 0 0 0 0 1 0 0 0 0 0 0 0 0 0 0 0 0 0 0 0]]","[7, 18, 26, 36, 44]","[16, 20, 33, 41, 47, 59, 21]",[],Wed-25-10-2023,28
[30][A][readings/Wed-25-10-2023/2023-10-24T22-44-37],Magic,"[[0 0 0 0 0 0 0 0 0 0 1 0 0 0 0 0 0 0 0 1 0 0 0 0 0 0 0 0 0 0 0 0 0 0 0 1
  0 0 0 0 0 0 1 0 0 0 0 0 0 0 0 0 0 0 0 0 0 0 1 0]]","[10, 19, 35, 42, 58]","[16, 20, 33, 41, 47, 59, 21]",[],Wed-25-10-2023,29
[31][C][readings/Sat-28-10-2023/2023-10-26T15-24-08],Magic,"[[0 0 0 0 1 0 0 0 0 0 0 0 0 0 0 0 0 0 0 0 0 0 0 0 1 0 0 0 0 0 0 0 0 0 0 0
  0 0 0 0 0 0 0 0 1 0 1 0 0 0 0 0 0 1 0 0 0 0 0 0]]","[4, 24, 44, 46, 53]","[25, 28, 37, 38, 42, 50, 6]",[],Sat-28-10-2023,30
[32][M][readings/Sat-28-10-2023/2023-10-26T21-12-29],Magic,"[[0 0 0 0 0 0 1 0 0 0 1 0 0 0 0 0 0 0 0 0 0 0 0 0 0 0 0 0 0 0 0 0 0 0 0 1
  0 0 0 0 0 0 1 0 0 0 1 0 0 0 0 0 0 0 0 0 0 0 0 0]]","[6, 10, 35, 42, 46]","[25, 28, 37, 38, 42, 50, 6]","[6, 42]",Sat-28-10-2023,31
[33][M][readings/Wed-01-11-2023/2023-10-31T21-22-18],Magic,"[[0 0 0 0 0 0 1 0 0 0 0 0 0 0 1 0 1 0 0 0 0 0 0 0 0 0 0 0 0 0 0 0 0 0 0 0
  1 0 1 0 0 0 0 0 0 0 0 0 0 0 0 0 0 0 0 0 0 0 0 0]]","[6, 14, 16, 36, 38]","[9, 15, 36, 37, 42, 43, 50]",[36],Wed-01-11-2023,32
[34][M][readings/Wed-01-11-2023/2023-11-01T14-42-55],Magic,"[[0 0 0 0 0 0 0 0 0 0 0 0 0 0 0 0 0 0 0 0 1 0 0 0 0 0 1 0 0 0 0 0 0 0 0 0
  1 1 0 1 0 0 0 0 0 0 0 0 0 0 0 0 0 0 0 0 0 0 0 0]]","[20, 26, 36, 37, 39]","[9, 15, 36, 37, 42, 43, 50]","[36, 37]",Wed-01-11-2023,33
[35][M][readings/Sat-04-11-2023/2023-11-03T11-20-11],Magic,"[[0 0 0 0 0 0 1 0 0 0 0 0 0 0 0 0 0 0 0 0 0 0 0 0 0 0 0 0 0 0 0 0 0 0 0 1
  0 0 1 0 0 0 0 0 0 0 1 0 0 0 0 0 0 0 0 0 0 0 1 0]]","[6, 35, 38, 46, 58]","[20, 37, 39, 52, 54, 57, 43]",[],Sat-04-11-2023,34
[36][M][readings/Sat-04-11-2023/2023-11-03T14-37-22],Magic,"[[0 0 0 0 0 0 0 0 0 0 1 0 0 0 0 0 0 0 0 0 0 0 0 0 0 0 0 0 1 0 0 1 0 0 0 0
  0 0 0 0 1 0 0 0 0 0 0 0 0 0 0 0 0 0 0 0 0 0 1 0]]","[10, 28, 31, 40, 58]","[20, 37, 39, 52, 54, 57, 43]",[],Sat-04-11-2023,35
[37][A][readings/Wed-08-11-2023/2023-11-04T17-00-16],Magic,"[[0 0 0 0 0 0 0 0 0 0 0 1 0 0 0 0 0 0 0 0 0 0 0 0 0 0 0 0 0 1 0 1 0 0 0 0
  0 0 0 0 1 0 0 0 0 0 0 0 0 0 0 0 0 0 0 0 0 0 1 0]]","[11, 29, 31, 40, 58]","[1, 7, 12, 17, 46, 53, 24]",[],Wed-08-11-2023,36
[38][A][readings/Wed-08-11-2023/2023-11-05T15-50-06],Magic,"[[0 0 0 0 1 0 0 0 0 1 0 0 0 0 0 0 0 0 0 0 0 0 0 0 0 0 0 0 1 0 0 0 0 0 0 0
  0 0 0 0 0 0 0 0 0 0 1 0 0 0 0 0 0 0 0 0 0 0 1 0]]","[4, 9, 28, 46, 58]","[1, 7, 12, 17, 46, 53, 24]",[46],Wed-08-11-2023,37
[39][M][readings/Wed-08-11-2023/2023-11-08T17-30-53],Magic,"[[0 0 0 0 0 0 0 0 0 1 0 0 0 0 0 0 0 0 0 0 0 0 0 0 0 1 0 0 1 0 0 0 0 0 0 0
  1 0 0 0 0 0 0 0 0 0 0 0 0 0 0 0 0 0 0 0 0 0 1 0]]","[9, 25, 28, 36, 58]","[1, 7, 12, 17, 46, 53, 24]",[],Wed-08-11-2023,38
[40][M][readings/Sat-11-11-2023/2023-11-10T13-57-51],Magic,"[[0 0 0 0 0 0 1 0 0 1 1 0 0 0 0 0 0 0 0 0 0 0 0 0 0 0 0 0 0 0 0 0 0 0 0 0
  0 0 1 0 1 0 0 0 0 0 0 0 0 0 0 0 0 0 0 0 0 0 0 0]]","[6, 9, 10, 38, 40]","[12, 26, 28, 34, 41, 42, 32]",[],Sat-11-11-2023,39
[41][M][readings/Sat-11-11-2023/2023-11-10T20-20-36],Magic,"[[0 0 0 0 0 0 1 1 0 0 0 0 0 0 0 0 0 0 0 0 0 0 0 0 0 1 0 0 0 0 0 0 0 0 0 0
  0 0 1 0 1 0 0 0 0 0 0 0 0 0 0 0 0 0 0 0 0 0 0 0]]","[6, 7, 25, 38, 40]","[12, 26, 28, 34, 41, 42, 32]",[],Sat-11-11-2023,40
[42][M][readings/Wed-15-11-2023/2023-11-14T16-40-52],Magic,"[[0 0 0 0 0 0 1 0 0 0 0 0 0 0 0 0 0 0 0 0 0 0 0 0 0 0 1 0 1 0 0 0 0 0 0 1
  0 0 1 0 0 0 0 0 0 0 0 0 0 0 0 0 0 0 0 0 0 0 0 0]]","[6, 26, 28, 35, 38]","[6, 7, 16, 33, 40, 55, 4]",[6],Wed-15-11-2023,41
[43][M][readings/Wed-15-11-2023/2023-11-14T17-11-02],Magic,"[[0 0 0 0 0 0 1 0 0 0 0 1 0 0 0 0 0 0 1 0 1 0 0 0 0 1 0 0 0 0 0 0 0 0 0 0
  0 0 0 0 0 0 0 0 0 0 0 0 0 0 0 0 0 0 0 0 0 0 0 0]]","[6, 11, 18, 20, 25]","[6, 7, 16, 33, 40, 55, 4]",[6],Wed-15-11-2023,42
[44][M][readings/Sat-18-11-2023/2023-11-17T12-15-52],Magic,"[[0 0 0 0 0 0 1 0 0 0 0 0 0 0 0 0 0 0 0 0 0 0 0 0 1 0 1 0 0 0 0 0 0 0 0 0
  0 0 0 0 0 0 0 0 0 0 1 0 0 0 0 0 0 0 0 0 1 0 0 0]]","[6, 24, 26, 46, 56]","[3, 11, 22, 23, 32, 47, 56]",[56],Sat-18-11-2023,43
[45][M][readings/Sat-18-11-2023/2023-11-17T12-29-13],Magic,"[[0 0 0 0 0 0 1 0 0 0 0 0 0 0 0 0 0 0 0 0 1 0 0 0 0 0 0 0 0 0 0 0 0 0 0 1
  0 0 0 0 0 0 0 0 0 0 0 0 0 0 0 0 0 0 0 0 0 1 1 0]]","[6, 20, 35, 57, 58]","[3, 11, 22, 23, 32, 47, 56]",[],Sat-18-11-2023,44
[46][M][readings/Wed-22-11-2023/2023-11-21T15-40-45],Magic,"[[0 1 0 0 0 0 0 0 0 0 0 0 0 0 0 1 0 0 0 0 0 0 0 0 0 1 0 0 1 0 0 0 0 1 0 0
  0 0 0 0 0 0 0 0 0 0 0 0 0 0 0 0 0 0 0 0 0 0 0 0]]","[1, 15, 25, 28, 33]","[9, 14, 26, 49, 55, 56, 28]",[28],Wed-22-11-2023,45
[47][M][readings/Wed-22-11-2023/2023-11-21T16-05-10],Magic,"[[0 0 0 0 0 0 0 0 0 0 1 0 0 0 0 0 0 0 0 0 0 0 0 0 0 0 0 0 0 0 0 0 0 0 0 0
  0 0 0 1 1 0 1 0 0 1 0 0 0 0 0 0 0 0 0 0 0 0 0 0]]","[10, 39, 40, 42, 45]","[9, 14, 26, 49, 55, 56, 28]",[],Wed-22-11-2023,46
[48][M][readings/Sat-25-11-2023/2023-11-24T15-25-16],Magic,"[[0 0 0 0 0 0 0 0 0 0 0 0 0 0 0 0 0 0 0 1 0 0 0 0 0 0 0 0 1 0 0 0 0 1 0 0
  0 0 0 0 0 0 0 0 0 0 0 1 0 0 0 0 0 0 0 0 0 0 1 0]]","[19, 28, 33, 47, 58]","[5, 9, 31, 34, 46, 48, 49]",[],Sat-25-11-2023,47
[49][M][readings/Sat-25-11-2023/2023-11-24T15-37-28],Magic,"[[0 0 0 0 0 0 0 0 0 0 0 0 0 0 0 0 0 0 0 0 0 0 0 0 0 0 0 0 0 1 0 1 0 0 0 0
  0 0 1 0 0 0 0 0 0 0 0 1 0 0 0 0 0 0 0 0 0 0 1 0]]","[29, 31, 38, 47, 58]","[5, 9, 31, 34, 46, 48, 49]",[31],Sat-25-11-2023,48
[50][M][readings/Wed-29-11-2023/2023-11-28T00-55-50],Magic,"[[0 0 0 0 1 0 0 0 0 1 0 0 0 0 0 0 0 0 0 0 0 0 0 0 0 1 0 0 0 0 0 0 0 0 0 0
  0 0 1 0 0 0 0 0 0 0 0 0 0 0 0 0 0 0 0 0 0 0 1 0]]","[4, 9, 25, 38, 58]","[19, 31, 35, 38, 42, 49, 13]",[38],Wed-29-11-2023,49
[51][M][readings/Wed-29-11-2023/2023-11-28T20-47-28],Magic,"[[0 0 0 1 0 0 0 0 0 0 0 0 0 0 0 0 0 0 0 0 0 0 0 0 0 0 0 0 0 1 1 0 0 0 0 1
  0 0 0 0 0 0 0 0 0 0 0 0 0 0 0 0 0 0 0 0 0 0 1 0]]","[3, 29, 30, 35, 58]","[19, 31, 35, 38, 42, 49, 13]",[35],Wed-29-11-2023,50
[52][M][readings/Sat-02-12-2023/2023-11-30T21-55-41],Magic,"[[0 0 0 1 0 0 1 1 0 0 0 0 0 0 0 0 0 0 0 0 0 0 0 0 0 0 0 0 0 0 0 0 0 0 0 0
  0 0 1 0 0 0 0 0 0 0 0 0 0 0 0 0 0 0 0 0 0 0 1 0]]","[3, 6, 7, 38, 58]","[2, 4, 11, 23, 26, 33, 40]",[],Sat-02-12-2023,51
[53][M][readings/Sat-02-12-2023/2023-11-30T22-09-43],Magic,"[[0 0 0 0 0 0 1 0 0 0 0 0 0 0 0 0 0 0 0 0 0 0 0 0 0 0 0 0 0 0 0 0 0 0 0 0
  0 0 1 0 1 0 0 0 0 0 0 0 0 0 0 0 0 0 0 0 1 0 1 0]]","[6, 38, 40, 56, 58]","[2, 4, 11, 23, 26, 33, 40]",[40],Sat-02-12-2023,52
[54][M][readings/Wed-06-12-2023/2023-12-05T18-55-32],Magic,"[[0 1 0 0 0 0 0 0 0 0 0 1 1 0 0 0 0 0 0 0 0 0 0 0 0 1 0 0 0 1 0 0 0 0 0 0
  0 0 0 0 0 0 0 0 0 0 0 0 0 0 0 0 0 0 0 0 0 0 0 0]]","[1, 11, 12, 25, 29]","[2, 3, 6, 22, 43, 55, 47]",[],Wed-06-12-2023,53
[55][M][readings/Wed-06-12-2023/2023-12-05T19-09-18],Magic,"[[0 0 0 0 0 0 0 0 0 0 0 0 0 0 0 0 0 0 0 0 0 0 0 0 0 0 0 0 0 0 0 0 0 1 0 0
  0 0 0 1 1 0 0 0 0 0 1 0 0 0 0 0 0 0 0 0 0 0 1 0]]","[33, 39, 40, 46, 58]","[2, 3, 6, 22, 43, 55, 47]",[],Wed-06-12-2023,54
[56][M][readings/Sat-09-12-2023/2023-12-08T15-09-32],Magic,"[[0 0 0 0 0 0 0 0 1 0 0 0 0 0 0 1 0 0 0 1 0 0 0 0 0 0 0 0 0 0 1 0 0 1 0 0
  0 0 0 0 0 0 0 0 0 0 0 0 0 0 0 0 0 0 0 0 0 0 0 0]]","[8, 15, 19, 30, 33]","[15, 27, 33, 44, 46, 59, 30]","[15, 30, 33]",Sat-09-12-2023,55
[57][M][readings/Sat-09-12-2023/2023-12-08T15-22-10],Magic,"[[0 0 0 0 0 0 0 0 0 0 0 0 0 0 0 0 0 0 0 0 0 0 0 0 0 0 0 0 0 0 0 0 0 0 0 0
  0 0 0 1 1 0 0 0 0 0 0 0 0 0 0 0 0 1 0 0 1 0 1 0]]","[39, 40, 53, 56, 58]","[15, 27, 33, 44, 46, 59, 30]",[],Sat-09-12-2023,56
[58][M][readings/Wed-13-12-2023/2023-12-12T15-10-48],Magic,"[[0 0 0 0 0 0 0 0 0 0 0 1 0 0 0 0 0 0 0 0 0 0 0 0 0 0 0 0 0 0 0 0 0 0 0 0
  0 0 0 0 0 1 0 0 0 0 0 0 0 0 1 0 0 0 0 0 1 1 0 0]]","[11, 41, 50, 56, 57]","[10, 28, 31, 34, 43, 48, 57]",[57],Wed-13-12-2023,57
[59][M][readings/Wed-13-12-2023/2023-12-12T15-23-00],Magic,"[[0 0 0 0 0 0 0 0 0 1 0 0 0 0 0 0 0 0 0 0 0 0 0 0 0 0 1 0 0 0 0 0 0 0 0 1
  1 0 1 0 0 0 0 0 0 0 0 0 0 0 0 0 0 0 0 0 0 0 0 0]]","[9, 26, 35, 36, 38]","[10, 28, 31, 34, 43, 48, 57]",[],Wed-13-12-2023,58
[60][M][readings/Sat-16-12-2023/2023-12-15T15-16-25],Magic,"[[0 0 0 0 0 0 1 0 0 0 0 0 0 0 0 0 0 0 0 0 0 0 0 0 0 1 0 0 0 0 0 0 0 0 0 0
  0 0 0 0 0 0 0 0 0 1 0 0 0 1 0 0 0 0 0 0 1 0 0 0]]","[6, 25, 45, 49, 56]","[4, 12, 23, 30, 50, 56, 8]",[56],Sat-16-12-2023,59
[61][M][readings/Sat-16-12-2023/2023-12-15T15-39-06],Magic,"[[0 0 0 0 0 0 0 0 0 0 1 0 0 0 0 0 0 0 1 0 0 0 0 0 0 0 0 0 0 1 0 0 0 0 0 0
  0 0 0 1 1 0 0 0 0 0 0 0 0 0 0 0 0 0 0 0 0 0 0 0]]","[10, 18, 29, 39, 40]","[4, 12, 23, 30, 50, 56, 8]",[],Sat-16-12-2023,60
[62][M][readings/Wed-20-12-2023/2023-12-19T23-16-47],Magic,"[[0 0 0 0 1 0 0 0 0 0 0 1 0 0 0 0 0 0 0 0 0 1 0 0 0 0 0 0 0 0 0 0 0 0 0 0
  0 0 0 1 1 0 0 0 0 0 0 0 0 0 0 0 0 0 0 0 0 0 0 0]]","[4, 11, 21, 39, 40]","[4, 8, 11, 46, 50, 53, 16]","[4, 11]",Wed-20-12-2023,61
[63][M][readings/Wed-20-12-2023/2023-12-19T23-31-16],Magic,"[[0 0 0 0 0 0 0 0 0 0 0 1 0 0 0 0 1 0 0 0 0 0 0 0 0 1 0 0 0 0 0 0 0 0 0 0
  0 0 0 0 1 0 0 0 0 0 0 0 0 0 0 0 0 0 0 0 0 0 1 0]]","[11, 16, 25, 40, 58]","[4, 8, 11, 46, 50, 53, 16]","[11, 16]",Wed-20-12-2023,62
[64][M][readings/Sat-23-12-2023/2023-12-23T10-10-28],Magic,"[[0 0 0 0 1 0 0 0 0 0 0 0 0 0 0 0 0 0 0 0 0 1 0 0 0 0 0 0 0 0 0 0 0 0 0 0
  0 0 0 0 1 0 0 0 0 0 0 1 0 1 0 0 0 0 0 0 0 0 0 0]]","[4, 21, 40, 47, 49]","[17, 29, 31, 40, 47, 56, 44]","[40, 47]",Sat-23-12-2023,63
[65][M][readings/Sat-23-12-2023/2023-12-23T10-22-45],Magic,"[[0 0 0 0 0 0 0 0 0 0 0 0 0 0 0 0 0 0 0 0 0 0 1 0 0 1 0 0 0 0 0 0 0 0 0 0
  0 0 0 0 1 0 0 0 0 0 1 0 0 0 0 0 0 0 0 0 0 0 1 0]]","[22, 25, 40, 46, 58]","[17, 29, 31, 40, 47, 56, 44]",[40],Sat-23-12-2023,64
[66][M][readings/Sat-30-12-2023/2023-12-30T12-09-49],Magic,"[[0 0 0 0 1 0 0 0 1 0 0 0 0 0 0 0 0 0 0 0 0 0 0 0 0 0 0 1 0 0 0 0 0 0 0 0
  0 0 0 0 0 0 0 0 0 1 0 0 0 0 0 0 0 0 0 1 0 0 0 0]]","[4, 8, 27, 45, 55]","[15, 26, 29, 37, 49, 53, 38]",[],Sat-30-12-2023,65
[67][M][readings/Sat-30-12-2023/2023-12-30T12-25-42],Magic,"[[0 1 0 0 0 0 0 0 0 0 0 0 0 0 0 0 0 0 0 0 0 0 0 0 0 0 0 0 0 0 1 0 0 0 0 0
  0 0 0 0 0 0 0 0 0 0 0 0 0 0 0 0 0 0 1 1 0 0 1 0]]","[1, 30, 54, 55, 58]","[15, 26, 29, 37, 49, 53, 38]",[],Sat-30-12-2023,66
[68][M][readings/Wed-03-01-2024/2024-01-03T19-10-45],Magic,"[[0 0 0 0 0 0 0 1 0 0 0 0 0 0 0 0 0 0 0 0 0 0 0 0 0 1 0 0 1 0 1 0 0 0 0 0
  0 0 0 0 0 0 0 0 0 0 0 0 0 0 0 0 0 0 1 0 0 0 0 0]]","[7, 25, 28, 30, 54]","[1, 5, 19, 27, 38, 59, 55]",[],Wed-03-01-2024,67
[69][M][readings/Wed-03-01-2024/2024-01-03T19-25-51],Magic,"[[0 0 0 0 0 0 0 0 0 1 0 0 0 0 0 1 0 0 0 0 0 0 0 0 0 1 0 0 0 0 1 0 0 0 0 0
  0 0 0 0 0 0 0 0 0 0 0 0 0 0 1 0 0 0 0 0 0 0 0 0]]","[9, 15, 25, 30, 50]","[1, 5, 19, 27, 38, 59, 55]",[],Wed-03-01-2024,68
[70][A][readings/Sat-06-01-2024/2024-01-06T13-21-22],Magic,"[[0 0 0 0 0 0 0 0 0 0 0 0 0 0 0 0 0 0 0 0 0 0 0 0 0 0 0 0 0 0 0 1 0 0 0 1
  0 0 1 0 1 0 0 0 0 0 0 0 0 0 0 0 0 1 0 0 0 0 0 0]]","[31, 35, 38, 40, 53]","[2, 23, 38, 43, 53, 54, 41]","[38, 53]",Sat-06-01-2024,69
[71][M][readings/Sat-06-01-2024/2024-01-06T13-33-56],Magic,"[[0 0 0 0 0 0 0 0 1 0 0 0 0 0 0 0 0 0 0 1 0 0 0 0 0 0 0 0 0 0 1 0 0 0 0 1
  0 0 0 0 0 1 0 0 0 0 0 0 0 0 0 0 0 0 0 0 0 0 0 0]]","[8, 19, 30, 35, 41]","[2, 23, 38, 43, 53, 54, 41]",[41],Sat-06-01-2024,70
[72][L][readings/Wed-10-01-2024/2024-01-09T03-31-18],Magic,"[[0 0 0 0 0 0 1 0 0 0 0 0 0 0 0 0 0 0 0 0 0 0 0 0 0 0 0 0 0 0 0 0 0 0 0 0
  0 0 0 0 1 1 0 0 0 0 1 0 0 0 0 1 0 0 0 0 0 0 0 0]]","[6, 40, 41, 46, 51]","[1, 5, 15, 25, 45, 53, 2]",[],Wed-10-01-2024,71
[73][N][readings/Sat-10-02-2024/2024-02-04T14-08-09],Magic,"[[0 0 0 0 0 0 1 0 0 0 0 0 0 0 0 0 0 0 0 0 1 0 1 0 0 1 0 0 0 0 0 0 0 0 0 0
  0 0 0 0 1 0 0 0 0 0 0 0 0 0 0 0 0 0 0 0 0 0 0 0]]","[6, 20, 22, 25, 40]","[4, 19, 24, 29, 43, 53, 34]",[],Sat-10-02-2024,72
[74][N][readings/Sat-24-02-2024/2024-02-18T15-06-46],Magic,"[[0 0 0 0 0 0 0 0 0 0 0 0 0 0 0 0 0 0 0 0 0 1 0 0 0 1 1 0 0 0 0 0 0 0 0 0
  1 0 0 0 0 0 0 0 0 0 0 0 0 0 0 0 0 0 0 0 0 0 1 0]]","[21, 25, 26, 36, 58]","[3, 4, 11, 20, 36, 56, 28]",[36],Sat-24-02-2024,73
[75][M][readings/Sat-24-02-2024/2024-02-18T15-20-37],Magic,"[[0 0 0 0 0 0 1 0 0 1 0 0 0 0 0 0 0 0 0 0 0 0 0 0 0 0 0 0 0 0 0 0 0 0 0 0
  0 0 0 0 0 0 0 0 0 0 1 1 0 0 0 0 0 0 0 0 0 0 1 0]]","[6, 9, 46, 47, 58]","[3, 4, 11, 20, 36, 56, 28]",[],Sat-24-02-2024,74
[76][N][readings/Sat-24-02-2024/2024-02-18T15-42-05],Magic,"[[0 0 0 0 0 1 0 0 0 0 0 0 0 0 0 0 0 0 1 0 0 0 0 0 0 0 0 0 0 0 0 0 0 1 0 1
  0 0 0 0 0 1 0 0 0 0 0 0 0 0 0 0 0 0 0 0 0 0 0 0]]","[5, 18, 33, 35, 41]","[3, 4, 11, 20, 36, 56, 28]",[],Sat-24-02-2024,75
[77][C][readings/Wed-28-02-2024/2024-02-25T16-50-32],Magic,"[[0 0 0 0 0 0 0 0 1 0 0 0 0 0 0 0 0 0 0 0 0 0 0 0 1 0 0 0 0 0 0 0 0 0 1 0
  0 0 0 0 1 0 0 0 0 0 0 0 0 1 0 0 0 0 0 0 0 0 0 0]]","[8, 24, 34, 40, 49]","[12, 21, 39, 44, 45, 50, 51]",[],Wed-28-02-2024,76
[78][M][readings/Wed-28-02-2024/2024-02-25T22-50-30],Magic,"[[0 0 0 0 0 0 0 0 0 1 0 0 0 0 0 0 0 0 0 0 0 0 0 0 0 0 0 0 1 0 0 0 0 0 0 0
  1 0 0 0 0 0 0 0 0 0 0 1 0 0 0 0 0 0 0 0 0 0 1 0]]","[9, 28, 36, 47, 58]","[12, 21, 39, 44, 45, 50, 51]",[],Wed-28-02-2024,77
[79][M][readings/Sat-02-03-2024/2024-03-02T17-46-51],Magic,"[[0 0 0 1 0 0 0 0 0 0 0 0 0 0 0 0 0 0 0 0 0 0 0 0 0 0 0 0 0 0 0 0 0 1 0 0
  0 0 1 0 0 0 0 1 0 0 0 0 0 0 0 0 0 0 0 0 0 1 0 0]]","[3, 33, 38, 43, 57]","[2, 20, 34, 40, 48, 59, 6]",[],Sat-02-03-2024,78
[80][M][readings/Wed-06-03-2024/2024-03-06T16-51-06],Magic,"[[0 1 0 0 0 0 0 0 0 0 0 0 0 0 0 0 0 0 0 0 0 0 1 0 0 0 1 0 0 0 0 0 0 0 0 0
  0 0 0 0 0 0 0 0 0 0 0 0 0 0 1 0 0 0 0 0 0 0 1 0]]","[1, 22, 26, 50, 58]","[7, 11, 32, 37, 48, 58, 28]",[58],Wed-06-03-2024,79
[81][M][readings/Wed-13-03-2024/2024-03-13T18-59-03],Magic,"[[0 0 0 0 0 0 0 0 0 0 0 0 0 0 0 0 0 0 0 0 0 1 0 0 0 0 0 1 0 0 0 0 0 0 1 0
  1 0 0 0 0 0 0 0 0 0 0 1 0 0 0 0 0 0 0 0 0 0 0 0]]","[21, 27, 34, 36, 47]","[24, 26, 28, 34, 35, 37, 48]",[34],Wed-13-03-2024,80
[82][N][readings/Wed-20-03-2024/2024-03-19T16-05-21],Magic,"[[0 0 0 0 0 0 0 0 0 0 0 0 0 0 0 0 0 0 0 0 0 0 0 0 0 0 0 0 0 0 0 0 0 1 0 0
  1 0 0 1 0 0 0 0 0 0 0 1 0 0 0 0 0 0 0 0 0 0 1 0]]","[33, 36, 39, 47, 58]","[8, 10, 14, 25, 29, 35, 32]",[],Wed-20-03-2024,81
[83][N][readings/Sat-23-03-2024/2024-03-23T13-38-26],Magic,"[[0 0 0 0 0 0 0 1 1 0 0 0 0 0 0 0 0 0 0 0 0 0 0 1 0 1 0 0 0 0 0 0 0 0 0 0
  0 0 0 0 0 0 0 0 0 0 0 0 0 0 1 0 0 0 0 0 0 0 0 0]]","[7, 8, 23, 25, 50]","[7, 15, 41, 43, 45, 50, 28]","[7, 50]",Sat-23-03-2024,82
[84][M][readings/Sat-23-03-2024/2024-03-23T15-42-04],Magic,"[[0 0 0 1 1 0 0 0 0 0 0 0 0 0 0 0 0 0 0 0 0 0 0 0 0 0 0 0 0 0 0 0 0 0 0 0
  0 0 1 0 0 0 1 0 0 0 0 0 0 0 0 0 0 0 0 0 0 0 1 0]]","[3, 4, 38, 42, 58]","[7, 15, 41, 43, 45, 50, 28]",[],Sat-23-03-2024,83
[85][N][readings/Sat-30-03-2024/2024-03-24T14-39-07],Magic,"[[0 0 0 0 0 0 0 0 0 0 0 0 0 0 0 0 0 0 0 0 0 0 0 1 0 0 0 0 0 0 0 0 0 0 0 0
  0 0 0 0 0 0 1 0 0 1 0 0 0 0 0 1 0 0 1 0 0 0 0 0]]","[23, 42, 45, 51, 54]","[15, 16, 19, 37, 49, 51, 17]",[51],Sat-30-03-2024,84
[86][C][readings/Sat-30-03-2024/2024-03-24T14-55-49],Magic,"[[0 0 0 0 0 0 1 0 0 0 0 0 0 0 0 0 0 0 0 0 0 0 0 0 0 0 1 0 0 0 1 0 0 0 0 0
  1 0 0 1 0 0 0 0 0 0 0 0 0 0 0 0 0 0 0 0 0 0 0 0]]","[6, 26, 30, 36, 39]","[15, 16, 19, 37, 49, 51, 17]",[],Sat-30-03-2024,85
[87][N][readings/Sat-30-03-2024/2024-03-28T14-35-35],Magic,"[[0 0 0 0 0 0 0 0 0 0 0 1 0 0 0 0 0 0 0 0 0 0 0 1 0 0 0 0 0 0 0 0 0 0 0 0
  0 0 0 0 0 1 0 0 0 0 0 0 0 0 0 0 0 1 1 0 0 0 0 0]]","[11, 23, 41, 53, 54]","[15, 16, 19, 37, 49, 51, 17]",[],Sat-30-03-2024,86
[88][M][readings/Sat-30-03-2024/2024-03-30T12-30-42],Magic,"[[0 0 0 0 0 0 1 0 0 0 0 0 0 0 0 0 0 0 0 0 0 0 0 0 0 1 0 0 0 0 0 0 0 0 0 0
  0 0 0 0 0 0 0 0 0 0 0 0 0 1 1 1 0 0 0 0 0 0 0 0]]","[6, 25, 49, 50, 51]","[15, 16, 19, 37, 49, 51, 17]","[49, 51]",Sat-30-03-2024,87
[89][M][readings/Sat-30-03-2024/2024-03-30T12-44-53],Magic,"[[0 0 0 0 0 0 0 0 0 1 0 0 0 0 0 0 0 0 0 0 0 0 0 0 0 0 0 0 0 0 0 0 0 1 0 1
  0 0 0 0 0 0 0 0 0 1 0 0 0 0 0 0 0 0 0 0 0 0 1 0]]","[9, 33, 35, 45, 58]","[15, 16, 19, 37, 49, 51, 17]",[],Sat-30-03-2024,88
[90][M][readings/Sat-30-03-2024/2024-03-30T12-58-00],Magic,"[[0 0 0 0 0 0 0 0 0 0 0 0 0 0 0 0 0 0 0 0 0 0 0 0 0 0 0 0 0 0 1 0 0 0 0 1
  0 0 0 0 0 1 1 0 0 0 0 0 0 0 0 0 0 0 1 0 0 0 0 0]]","[30, 35, 41, 42, 54]","[15, 16, 19, 37, 49, 51, 17]",[],Sat-30-03-2024,89
[91][N][readings/Sat-15-06-2024/2024-06-09T14-45-20],Magic,"[[0 0 0 0 0 0 1 0 0 0 0 0 0 0 0 0 0 0 0 0 0 0 0 0 0 0 1 0 0 0 0 0 0 0 0 0
  0 1 0 0 0 0 0 0 0 0 0 0 0 0 0 1 0 0 0 1 0 0 0 0]]","[6, 26, 37, 51, 55]","[1, 9, 25, 29, 34, 39, 22]",[],Sat-15-06-2024,90
[92][C][readings/Sat-15-06-2024/2024-06-09T15-05-45],Magic,"[[0 0 0 1 1 0 0 0 0 0 0 0 0 0 0 0 0 0 0 0 0 0 0 0 0 1 0 0 0 0 0 0 0 0 0 0
  0 0 0 0 0 0 0 0 0 0 0 0 0 1 0 0 0 0 0 1 0 0 0 0]]","[3, 4, 25, 49, 55]","[1, 9, 25, 29, 34, 39, 22]",[25],Sat-15-06-2024,91
[93][C][readings/Sat-22-06-2024/2024-06-20T19-29-31],Magic,"[[0 0 0 0 1 0 0 0 0 0 0 0 1 0 0 0 0 0 0 0 0 0 0 0 0 0 0 0 1 1 0 0 0 0 0 0
  0 0 0 0 0 0 0 0 0 0 1 0 0 0 0 0 0 0 0 0 0 0 0 0]]","[4, 12, 28, 29, 46]","[5, 9, 18, 32, 44, 58, 34]",[],Sat-22-06-2024,92
[94][N][readings/Sat-22-06-2024/2024-06-21T18-31-38],Magic,"[[0 0 0 0 0 0 0 0 0 0 0 1 0 0 0 0 0 0 1 0 0 0 0 0 0 0 1 0 0 0 0 0 0 0 0 0
  0 0 1 0 0 0 0 0 0 0 0 1 0 0 0 0 0 0 0 0 0 0 0 0]]","[11, 18, 26, 38, 47]","[5, 9, 18, 32, 44, 58, 34]",[18],Sat-22-06-2024,93
[95][MNC][readings/Sat-13-07-2024/2024-07-12T17-59-53],Magic,"[[0 0 0 1 0 0 0 0 0 0 0 0 1 1 0 0 0 0 0 0 0 0 0 0 0 0 0 0 1 0 0 0 0 0 0 0
  0 0 0 0 0 0 0 0 0 0 1 0 0 0 0 0 0 0 0 0 0 0 0 0]]","[3, 12, 13, 28, 46]","[22, 27, 37, 38, 49, 51, 59]",[],Sat-13-07-2024,94
